x,theta,x_dot,theta_dot,force,label1,label2,label3,label4
-1.40987,0.198645,0.881282,-0.137864,5.96038,0.881282,-0.137864,6.1265,-15.8839
1.91188,0.197633,-0.0447643,-0.189616,-7.45552,-0.0447643,-0.189616,-7.23839,10.3426
-0.054127,-0.102499,0.486182,0.761439,0.909195,0.486182,0.761439,0.805537,0.404883
1.29866,-0.0627407,-0.0511263,-0.15954,-1.21061,-0.0511263,-0.15954,-1.27157,3.76831
-0.746749,0.0718181,0.784146,-0.159329,7.28185,0.784146,-0.159329,7.34837,-16.0667
-1.57226,-0.117303,0.70703,0.710711,0.279762,0.70703,0.710711,0.162562,1.97332
1.36868,-0.0668002,-0.569133,0.990398,-8.42437,-0.569133,0.990398,-8.4892,18.2502
1.13126,-0.178273,0.00571909,-0.942771,7.30578,0.00571909,-0.942771,7.10435,-10.5043
-0.643476,0.141947,0.26768,-0.747413,-9.48207,0.26768,-0.747413,-9.32207,15.681
0.226634,0.101941,-0.218344,0.715323,-7.65679,-0.218344,0.715323,-7.54706,13.0191
-0.92176,-0.00776752,0.179961,0.518726,-3.60591,0.179961,0.518726,-3.61361,7.3794
-1.62481,-0.0770991,0.490035,-0.538091,-2.58171,0.490035,-0.538091,-2.65659,6.80858
-0.202325,-0.199636,0.970273,0.464842,1.66122,0.970273,0.464842,1.46264,1.0237
1.32356,0.149928,0.301662,-0.692108,-2.17778,0.301662,-0.692108,-2.0248,1.07359
0.882811,-0.105357,-0.33039,0.175818,3.40913,-0.33039,0.175818,3.30272,-4.50554
-0.965384,-0.192951,0.374209,-0.829752,6.99083,0.374209,-0.829752,6.7747,-9.5357
-0.926658,0.020332,-0.41483,-0.403472,-1.57887,-0.41483,-0.403472,-1.5587,2.71787
0.0812716,0.168792,0.355021,0.697094,2.02424,0.355021,0.697094,2.18462,-7.60313
1.73348,0.104878,-0.967776,-0.0573432,-9.78206,-0.967776,-0.0573432,-9.66931,17.1784
-1.83449,0.131415,-0.467531,-0.352739,-2.03676,-0.467531,-0.352739,-1.90523,1.20665
2.37699,-0.159816,-0.412303,0.00250051,4.0757,-0.412303,0.00250051,3.91166,-4.60136
-0.217391,-0.0419506,0.773131,-0.955061,4.09818,0.773131,-0.955061,4.05445,-7.27893
-1.23428,0.129275,-0.366856,0.830811,-0.455735,-0.366856,0.830811,-0.325335,-1.88408
-0.793877,-0.113972,-0.276095,-0.226642,-4.31105,-0.276095,-0.226642,-4.41647,11.0069
2.24752,0.147032,0.0809222,-0.675092,9.23646,0.0809222,-0.675092,9.36187,-21.3961
2.24665,0.0901979,-0.794264,0.848176,-6.90218,-0.794264,0.848176,-6.80542,11.7882
2.06468,0.196362,-0.514349,-0.498613,-9.27334,-0.514349,-0.498613,-9.04876,13.9218
-0.769028,-0.179606,-0.648299,-0.0141729,-4.39718,-0.648299,-0.0141729,-4.55507,12.4685
-1.30611,0.057338,-0.103119,0.972876,-8.17745,-0.103119,0.972876,-8.11595,15.0809
-0.830891,-0.11419,-0.145075,-0.133928,-0.918477,-0.145075,-0.133928,-1.02829,4.27873
-1.16015,-0.0394691,-0.749142,-0.868093,-5.04412,-0.749142,-0.868093,-5.08349,10.9332
2.02605,0.113574,-0.167542,0.982989,-2.47356,-0.167542,0.982989,-2.3546,2.45532
-2.14697,0.129504,0.512371,0.218822,-5.56414,0.512371,0.218822,-5.42915,8.23361
-2.03384,0.118009,-0.598358,-0.611434,-4.88834,-0.598358,-0.611434,-4.76484,7.15343
1.7012,0.142408,-0.307273,0.875462,7.44112,-0.307273,0.875462,7.56913,-17.7696
-1.52323,-0.16391,-0.356068,-0.806852,7.79438,-0.356068,-0.806852,7.61087,-11.8162
0.921805,-0.0842815,-0.724418,0.145422,-2.41347,-0.724418,0.145422,-2.49408,6.6221
0.253825,0.0362976,-0.0506878,-0.432794,0.440459,-0.0506878,-0.432794,0.476313,-1.664
-0.18207,-0.114253,-0.586698,0.448289,5.59988,-0.586698,0.448289,5.4805,-8.65277
1.2923,-0.173615,0.913123,-0.881314,-8.82648,0.913123,-0.881314,-8.97333,21.0661
-0.593425,0.0685266,-0.708958,0.713137,-9.73618,-0.708958,0.713137,-9.6629,17.937
-1.1847,0.0278058,0.769351,-0.129936,2.9097,0.769351,-0.129936,2.93676,-6.41673
-1.67588,0.148673,-0.15816,0.482705,7.59335,-0.15816,0.482705,7.72184,-18.1796
-0.353944,-0.193147,-0.0928694,0.698685,-1.99119,-0.0928694,0.698685,-2.17267,8.03055
1.76332,0.17439,0.55835,-0.235704,4.45025,0.55835,-0.235704,4.6045,-12.4735
0.300732,-0.0675556,0.650458,0.813851,1.74735,0.650458,0.813851,1.67828,-2.02447
1.23402,-0.121658,-0.232074,-0.339912,6.73874,-0.232074,-0.339912,6.61013,-10.7415
0.829073,-0.0893186,-0.579685,0.466702,7.8512,-0.579685,0.466702,7.7569,-13.7019
-0.204008,0.165422,-0.775775,-0.71585,3.08882,-0.775775,-0.71585,3.24358,-9.6294
-0.303574,0.0195023,0.456707,-0.0386934,-8.4192,0.456707,-0.0386934,-8.39975,16.4137
-0.418189,0.0598224,-0.545525,0.00998122,-9.53409,-0.545525,0.00998122,-9.47216,17.7374
0.907526,0.0349309,0.0981022,-0.548893,5.42124,0.0981022,-0.548893,5.45534,-11.5892
-2.1572,0.189361,-0.282936,0.218116,6.4701,-0.282936,0.218116,6.62841,-16.713
1.12709,-0.0125926,0.735895,0.0206589,-3.08779,0.735895,0.0206589,-3.10009,6.44675
1.14949,-0.0349694,-0.738525,0.103667,-4.4979,-0.738525,0.103667,-4.53165,9.74371
-0.78273,8.00114e-05,0.853008,-0.462684,3.47804,0.853008,-0.462684,3.47812,-6.9578
0.729088,-0.0860896,-0.8029,0.947309,-1.88508,-0.8029,0.947309,-1.97152,5.61543
-0.0327896,-0.140975,0.555401,0.770837,0.782329,0.555401,0.770837,0.640419,1.48864
-1.38583,0.0785937,-0.955626,-0.514174,-7.83511,-0.955626,-0.514174,-7.75251,13.9167
-1.78448,-0.168743,-0.329283,0.435152,-2.37562,-0.329283,0.435152,-2.53248,8.28806
-0.530311,-0.121086,0.164519,0.492129,9.35417,0.164519,0.492129,9.22162,-15.9383
-0.740452,0.0598144,0.417219,0.989597,1.75305,0.417219,0.989597,1.81387,-4.79411
1.29232,0.0174007,0.503803,-0.270559,-9.46012,0.503803,-0.270559,-9.44271,18.5412
0.288776,-0.0304144,-0.453933,0.773457,-8.60907,-0.453933,0.773457,-8.63899,17.8666
0.00727279,-0.140105,-0.856431,0.589937,0.550771,-0.856431,0.589937,0.411886,1.92418
1.4149,0.0279834,-0.817113,-0.876657,6.9045,-0.817113,-0.876657,6.93247,-14.4085
-2.25905,0.181982,0.427671,-0.256093,-8.64274,0.427671,-0.256093,-8.43989,13.0502
-0.636834,0.0185324,-0.84181,-0.279171,0.667833,-0.84181,-0.279171,0.686058,-1.73547
-2.343,0.146819,-0.374483,-0.751709,-1.0751,-0.374483,-0.751709,-0.927013,-1.03618
-1.78078,-0.153091,0.273496,-0.250799,3.43141,0.273496,-0.250799,3.27546,-3.48239
-2.35327,-0.163518,-0.608862,-0.8116,6.15038,-0.608862,-0.8116,5.97163,-8.59
1.1577,0.187298,0.939362,-0.879481,1.13915,0.939362,-0.879481,1.32124,-6.24961
-1.42027,0.047202,0.835367,-0.311135,0.387509,0.835367,-0.311135,0.433877,-1.79255
1.48347,0.120724,-0.626034,0.679981,-4.80791,-0.626034,0.679981,-4.68105,6.93112
2.3271,-0.0148144,0.0977138,0.848248,5.19357,0.0977138,0.848248,5.17839,-10.065
0.74115,0.0974269,-0.778593,0.0160566,8.05263,-0.778593,0.0160566,8.1399,-18.1111
-0.792719,-0.0735418,0.116723,0.197799,-2.97819,0.116723,0.197799,-3.04858,7.52226
-1.18132,-0.0665314,0.209155,-0.776727,5.74046,0.209155,-0.776727,5.67088,-10.0123
0.263222,0.120811,-0.448488,0.351178,-8.63115,-0.448488,0.351178,-8.50069,14.5129
0.487621,-0.0307964,0.743859,-0.542878,-5.67305,0.743859,-0.542878,-5.70316,12.005
2.32069,-0.129393,0.679441,-0.296252,6.15176,0.679441,-0.296252,6.01566,-9.39912
0.929014,-0.0692111,-0.325138,-0.919926,5.51516,-0.325138,-0.919926,5.44195,-9.50101
0.737399,-0.156775,0.163236,0.380916,1.61435,0.163236,0.380916,1.45838,0.182352
1.61275,0.0890605,0.692214,-0.740851,-4.77462,0.692214,-0.740851,-4.68157,7.58097
-2.00053,0.187879,-0.118285,-0.542483,-6.77566,-0.118285,-0.542483,-6.56999,9.24421
0.253397,0.181602,0.00526314,0.0722211,7.70067,0.00526314,0.0722211,7.84937,-18.9841
1.51771,-0.0945427,0.0369483,0.377345,-2.1049,0.0369483,0.377345,-2.19581,6.22417
0.73053,0.00286115,-0.201605,0.717936,-4.94236,-0.201605,0.717936,-4.93947,9.82277
-2.31268,-0.0306009,-0.70115,-0.973872,9.84386,-0.70115,-0.973872,9.81149,-19.0135
-1.90685,0.175999,-0.768562,-0.319316,-0.435953,-0.768562,-0.319316,-0.265136,-2.91322
-0.330254,-0.0885681,0.880396,-0.345496,4.61131,0.880396,-0.345496,4.52082,-7.27076
1.03189,-0.0189713,-0.65734,0.998009,-9.37683,-0.65734,0.998009,-9.39604,19.1609
1.84475,-0.0165614,-0.809133,0.83605,-0.0691821,-0.809133,0.83605,-0.0860023,0.4969
-1.07572,-0.126216,0.565531,0.990818,-8.10814,0.565531,0.990818,-8.22379,18.7865
-0.603545,-0.147749,0.480546,-0.538079,-7.8585,0.480546,-0.538079,-7.98617,18.6866
-0.416795,0.0154212,0.653532,0.424587,-6.17825,0.653532,0.424587,-6.16284,12.0217
2.2668,-0.177527,-0.0024663,0.306656,-8.98161,-0.0024663,0.306656,-9.1245,21.427
-0.714829,-0.088167,-0.0174967,-0.299324,6.79418,-0.0174967,-0.299324,6.70255,-11.6254
-0.535912,-0.183107,-0.893704,-0.229382,-4.78785,-0.893704,-0.229382,-4.94756,13.3022
-1.91039,-0.0503856,0.776685,0.0141532,-9.35192,0.776685,0.0141532,-9.39888,19.7621
-0.574376,0.180218,-0.169473,0.585318,-3.17323,-0.169473,0.585318,-2.98757,2.36161
-2.17565,0.0243479,-0.700171,-0.222803,0.300788,-0.700171,-0.222803,0.324705,-1.12688
-2.04678,0.109195,0.762907,-0.610695,9.85763,0.762907,-0.610695,9.95411,-21.9278
1.6737,-0.064451,-0.142705,-0.987793,-1.18853,-0.142705,-0.987793,-1.25421,3.76686
-2.15288,0.123518,-0.40134,0.794464,2.6019,-0.40134,0.794464,2.7216,-7.81899
2.10871,0.158252,-0.217953,0.757539,-9.49607,-0.217953,0.757539,-9.31575,15.3067
-0.140387,0.177443,0.333189,-0.142513,0.875703,0.333189,-0.142513,1.04307,-5.51659
-1.06694,0.129762,0.349891,0.773767,-9.4256,0.349891,0.773767,-9.28031,15.8658
0.410183,-0.0620543,-0.587872,0.469152,-3.89386,-0.587872,0.469152,-3.95375,9.109
1.0874,-0.0887622,-0.0367398,0.256199,-4.56204,-0.0367398,0.256199,-4.6453,10.9933
-0.039103,0.0559983,-0.16685,-0.0190543,4.51752,-0.16685,-0.0190543,4.57091,-10.2256
0.0933093,-0.130544,0.457633,-0.332303,-1.46911,0.457633,-0.332303,-1.59374,5.71437
-1.81876,0.0306276,-0.319763,0.669187,5.49943,-0.319763,0.669187,5.52962,-11.6549
2.38889,-0.109526,0.760136,0.61636,4.04689,0.760136,0.61636,3.93353,-5.67531
-2.30609,0.00882356,0.859871,0.607476,-1.97922,0.859871,0.607476,-1.97039,3.7675
0.253929,-0.0441847,-0.928487,-0.293721,9.28785,-0.928487,-0.293721,9.24257,-17.6005
-1.73033,-0.0861302,0.774955,0.0229795,2.22167,0.774955,0.0229795,2.13601,-2.5684
0.184078,-0.132733,0.249994,0.743691,-8.47438,0.249994,0.743691,-8.59168,19.6288
-1.26972,-0.022228,-0.0783131,0.983342,6.54757,-0.0783131,0.983342,6.52437,-12.6094
0.801836,0.0874933,0.643354,-0.534247,9.36625,0.643354,-0.534247,9.44568,-20.5335
-2.16343,0.141035,0.499382,-0.799529,-5.30447,0.499382,-0.799529,-5.15327,7.44625
-1.07382,-0.0103707,0.315087,0.305617,1.80161,0.315087,0.305617,1.79137,-3.37908
1.4037,-0.0969939,-0.832358,-0.957039,3.08114,-0.832358,-0.957039,2.97935,-4.03066
0.858866,-0.18448,-0.285146,-0.845863,4.26799,-0.285146,-0.845863,4.07083,-4.40452
0.249087,0.151623,0.480186,0.249894,-8.23678,0.480186,0.249894,-8.07142,12.9942
-0.774786,-0.124261,0.51417,-0.485514,-4.14259,0.51417,-0.485514,-4.25816,10.8824
2.34213,-0.13592,0.73095,-0.335873,8.46153,0.73095,-0.335873,8.3138,-13.8157
1.0163,0.0452774,0.704383,0.329162,-1.89974,0.704383,0.329162,-1.85476,2.81768
1.97684,0.0670052,0.89506,0.648595,-5.2105,0.89506,0.648595,-5.14125,8.94578
0.188493,0.135714,-0.172119,0.741534,-2.5111,-0.172119,0.741534,-2.37154,2.04492
-1.3946,0.119158,0.146242,-0.317844,-7.1475,0.146242,-0.317844,-7.02119,11.6105
-1.18914,0.198941,-0.208163,-0.533331,-3.31186,-0.208163,-0.533331,-3.10686,2.21363
1.54739,-0.0415881,0.272952,0.698482,6.05782,0.272952,0.698482,6.01502,-11.2039
-0.391406,-0.0541397,0.337729,0.304558,-9.2126,0.337729,0.304558,-9.26314,19.5608
-0.599457,-0.117981,0.635539,-0.441034,-3.7351,0.635539,-0.441034,-3.84558,9.94711
0.0125171,-0.0540128,-0.590113,-0.568996,-2.6263,-0.590113,-0.568996,-2.67928,6.40995
1.99952,0.130366,0.983176,-0.563156,-6.82781,0.983176,-0.563156,-6.688,10.712
0.591425,0.0384667,-0.468288,-0.329613,-4.62254,-0.468288,-0.329613,-4.58396,8.40661
-0.486519,0.0314278,0.904961,-0.606481,3.72805,0.904961,-0.606481,3.75906,-8.13093
1.9462,-0.00826541,-0.0450638,-0.760368,8.42183,-0.0450638,-0.760368,8.41343,-16.6641
0.94095,0.181613,-0.502443,0.264123,-5.38151,-0.502443,0.264123,-5.18968,6.66496
-0.636501,-0.0782205,0.460656,-0.402191,-1.00415,0.460656,-0.402191,-1.08054,3.6876
0.99132,-0.0259304,-0.395127,0.76329,-4.07731,-0.395127,0.76329,-4.10321,8.71237
-0.365517,-0.163077,0.866065,-0.294889,4.44136,0.866065,-0.294889,4.27223,-5.24569
-0.687803,0.0596909,-0.198685,-0.175036,-0.529569,-0.198685,-0.175036,-0.470892,-0.230335
-1.6963,0.0323839,-0.843536,0.120744,-0.248461,-0.843536,0.120744,-0.216668,-0.202151
-1.63942,-0.119265,-0.377743,-0.664782,-8.42642,-0.377743,-0.664782,-8.53286,19.2789
0.790023,-0.0638047,-0.351326,-0.69334,6.37513,-0.351326,-0.69334,6.30861,-11.3406
-0.887068,-0.0600443,0.232838,0.790623,7.25221,0.232838,0.790623,7.18899,-13.1747
-0.222619,-0.173463,0.268949,-0.661267,6.85761,0.268949,-0.661267,6.6672,-9.74798
-1.38628,-0.068754,-0.407358,0.299539,-0.96376,-0.407358,0.299539,-1.03082,3.40465
1.33895,0.114272,-0.348135,-0.146142,2.8768,-0.348135,-0.146142,2.98417,-8.16657
0.533802,0.113318,-0.133444,-0.654113,2.28254,-0.133444,-0.654113,2.39211,-6.97208
1.73313,-0.0725602,-0.412309,0.609666,-4.5529,-0.412309,0.609666,-4.62274,10.6435
0.595234,0.0769576,-0.659715,0.277902,4.7421,-0.659715,0.277902,4.81475,-11.1094
0.493009,0.12829,0.387783,-0.859231,-5.31224,0.387783,-0.859231,-5.17457,7.75395
0.973328,0.110291,-0.717501,0.353413,-5.71192,-0.717501,0.353413,-5.59713,8.96672
1.62564,0.0703012,0.632527,0.20421,-9.85438,0.632527,0.20421,-9.78067,18.1349
0.402457,-0.199266,-0.441481,-0.698455,-1.98021,-0.441481,-0.698455,-2.16689,8.13179
0.341361,-0.0152743,0.274754,-0.267214,0.23779,0.274754,-0.267214,0.222748,-0.145774
-0.330433,-0.123559,0.327965,-0.801265,-3.10079,0.327965,-0.801265,-3.21984,8.80864
1.75197,-0.0293363,0.741747,-0.456121,3.06199,0.741747,-0.456121,3.03267,-5.48723
2.24633,-0.0635174,-0.615175,0.369681,7.24766,-0.615175,0.369681,7.18219,-13.09
1.25144,0.135125,-0.559306,0.270609,-8.45139,-0.559306,0.270609,-8.30487,13.8152
2.09328,0.0119696,-0.462242,-0.0856207,-0.156823,-0.462242,-0.0856207,-0.145076,0.0552925
0.348066,-0.162137,0.497734,-0.416857,-4.51638,0.497734,-0.416857,-4.66191,12.3687
-1.17842,-0.120147,-0.294024,0.0517284,8.11933,-0.294024,0.0517284,7.9911,-13.5154
2.2914,0.0224734,0.285898,0.37316,4.24403,0.285898,0.37316,4.26601,-8.97076
-1.52656,-0.164535,-0.916037,-0.0990349,-3.95733,-0.916037,-0.0990349,-4.10491,11.3126
-0.185532,0.142432,0.517645,0.428826,5.92388,0.517645,0.428826,6.05083,-14.7642
0.726641,-0.113594,-0.948901,-0.64344,6.37908,-0.948901,-0.64344,6.25821,-10.2118
0.60731,-0.0775683,-0.353553,0.62517,9.22846,-0.353553,0.62517,9.14567,-16.716
-1.06905,0.121864,0.0285133,-0.02305,5.768,0.0285133,-0.02305,5.87768,-14.0532
-0.801979,0.18378,0.837605,0.726187,-6.67748,0.837605,0.726187,-6.47478,9.14598
-0.386239,0.0775747,0.627571,-0.353255,5.25134,0.627571,-0.353255,5.32442,-12.1373
-2.17096,0.197407,-0.588366,-0.994087,9.10861,-0.588366,-0.994087,9.27131,-22.0305
1.60774,-0.0406849,0.624203,0.381111,-6.07099,0.624203,0.381111,-6.11014,13.0082
0.0727383,0.178849,-0.202638,0.913795,-5.48134,-0.202638,0.913795,-5.28545,6.91195
-2.04246,0.133139,0.56327,-0.829353,3.53015,0.56327,-0.829353,3.65734,-9.85442
-0.0662785,-0.110418,0.338539,-0.731735,-6.01717,0.338539,-0.731735,-6.12013,14.3277
-0.637189,-0.111327,0.404848,0.410354,-4.64189,0.404848,0.410354,-4.74528,11.6115
0.00532793,-0.166338,0.57217,-0.187901,-8.68333,0.57217,-0.187901,-8.81963,20.6443
0.27308,-0.089883,-0.625706,-0.437508,-1.55786,-0.625706,-0.437508,-1.64509,5.03804
-1.09442,-0.185792,-0.536283,-0.557018,-3.19451,-0.536283,-0.557018,-3.36399,10.2365
-1.78474,0.0385533,0.985403,0.434195,2.82004,0.985403,0.434195,2.85776,-6.46751
1.81306,0.186024,0.460952,0.524194,0.692644,0.460952,0.524194,0.870516,-5.33978
0.918385,-0.00778184,-0.307566,0.0946574,-6.28971,-0.307566,0.0946574,-6.29731,12.7469
2.16761,-0.139024,0.835185,0.799737,1.30018,0.835185,0.799737,1.15889,0.423467
-0.93653,-0.0652297,-0.953238,-0.762148,1.376,-0.953238,-0.762148,1.30975,-1.33502
1.63504,0.100262,0.132864,-0.940753,-5.02608,0.132864,-0.940753,-4.91902,7.82479
-0.98078,0.0684795,-0.23208,0.692781,6.39322,-0.23208,0.692781,6.45881,-14.2299
-0.00387852,-0.161735,0.65353,0.00303319,-1.72562,0.65353,0.00303319,-1.87666,6.86376
1.27644,0.0402338,-0.852934,0.727456,-4.49085,-0.852934,0.727456,-4.44963,8.10289
-0.476974,-0.0439636,-0.995778,0.239599,-9.89549,-0.995778,0.239599,-9.93677,20.7166
0.274171,-0.134649,-0.0687856,0.908729,7.75474,-0.0687856,0.908729,7.60499,-12.4385
2.09325,0.159434,-0.0270016,-0.430991,8.31512,-0.0270016,-0.430991,8.44906,-19.7987
-1.02422,-0.197975,-0.348162,0.0836338,-1.68634,-0.348162,0.0836338,-1.86836,7.52267
0.96816,0.165505,-0.475503,-0.487394,-7.68522,-0.475503,-0.487394,-7.50348,11.5695
1.67997,-0.184786,-0.484402,0.769462,-7.15169,-0.484402,0.769462,-7.30962,17.9753
0.542444,0.0899794,-0.682103,0.905212,7.7357,-0.682103,0.905212,7.82086,-17.3415
2.30032,-0.133852,0.987854,-0.404985,7.60103,0.987854,-0.404985,7.45691,-12.1621
0.0517201,-0.118756,0.0806634,0.0873677,4.72285,0.0806634,0.0873677,4.60094,-6.81255
-2.2561,0.115569,0.142517,0.4144,-7.0029,0.142517,0.4144,-6.8804,11.4066
1.7986,-0.000850287,-0.400198,-0.28609,0.188979,-0.400198,-0.28609,0.188141,-0.3596
-1.5575,-0.125113,-0.51179,-0.758007,-4.48579,-0.51179,-0.758007,-4.60366,11.5837
2.10668,0.0649899,-0.590006,0.829514,6.55335,-0.590006,0.829514,6.61637,-14.479
1.09161,-0.189136,0.589459,0.88463,-5.03159,0.589459,0.88463,-5.20171,13.9067
-2.11595,0.00532987,-0.0858248,0.704214,-3.02657,-0.0858248,0.704214,-3.0212,5.93774
-0.00946325,0.105165,-0.760275,-0.545781,5.63027,-0.760275,-0.545781,5.72793,-13.4521
1.73222,0.0455057,0.169031,0.867804,-8.91788,0.169031,0.867804,-8.86976,16.8286
1.27509,-0.0151903,0.392775,-0.983207,-5.26812,0.392775,-0.983207,-5.28363,10.8641
-1.01246,0.0592464,0.924663,0.671927,-5.01424,0.924663,0.671927,-4.95318,8.72724
0.984775,0.101267,0.361818,-0.11725,6.28991,0.361818,-0.11725,6.38212,-14.6823
2.12211,-0.138362,-0.279126,-0.931327,2.31866,-0.279126,-0.931327,2.17453,-1.60148
1.13085,-0.0735644,-0.645903,-0.25312,-4.28191,-0.645903,-0.25312,-4.3517,10.1219
-1.16554,0.185353,0.440759,-0.562285,9.88318,0.440759,-0.562285,10.0297,-23.3317
-0.404264,-0.131788,-0.550911,-0.97283,4.34704,-0.550911,-0.97283,4.20576,-5.76039
1.11737,-0.117718,0.0442305,-0.73225,1.5614,0.0442305,-0.73225,1.44184,-0.559425
0.388259,0.00519585,0.712218,-0.132589,7.56678,0.712218,-0.132589,7.57186,-15.2455
0.190489,0.036806,0.149215,0.91376,5.85053,0.149215,0.91376,5.88734,-12.4887
-1.81983,-0.0487411,0.460984,0.252456,8.15596,0.460984,0.252456,8.10614,-15.2371
-0.465194,0.121975,-0.743225,-0.79567,-3.50703,-0.743225,-0.79567,-3.3797,4.32196
-0.742749,0.011965,0.178849,-0.86793,6.21686,0.178849,-0.86793,6.22895,-12.6918
0.392778,0.118004,-0.681602,-0.491504,-0.383609,-0.681602,-0.491504,-0.267126,-1.77934
-0.86167,0.137564,0.0896705,0.77688,-3.41161,0.0896705,0.77688,-3.26807,3.7839
1.24475,-0.110536,-0.104833,-0.437824,0.280458,-0.104833,-0.437824,0.171637,1.82312
2.23726,-0.19505,0.434075,-0.697845,7.95125,0.434075,-0.697845,7.73096,-11.3661
-1.93644,0.0084726,0.0870267,0.424456,1.8409,0.0870267,0.424456,1.84928,-3.86465
-2.1403,-0.121733,-0.485413,-0.113108,3.32761,-0.485413,-0.113108,3.20456,-3.97919
-2.32959,-0.137667,-0.206781,-0.409345,-6.55404,-0.206781,-0.409345,-6.67596,15.9181
-2.03364,-0.190974,0.695391,0.169561,-6.98239,0.695391,0.169561,-7.13976,17.7441
-1.68471,-0.050122,0.452451,-0.318842,5.54604,0.452451,-0.318842,5.49532,-9.99385
-1.24446,0.00566148,0.227892,0.642677,5.37689,0.227892,0.642677,5.38255,-10.876
1.75772,0.0894786,-0.348081,-0.722047,-4.69121,-0.348081,-0.722047,-4.5979,7.40578
1.3353,0.130302,0.703336,0.562246,6.52245,0.703336,0.562246,6.63968,-15.7161
1.18113,0.00475994,-0.403963,-0.856347,7.2882,-0.403963,-0.856347,7.29303,-14.6793
-0.594816,0.176557,-0.0254362,0.852099,-4.64434,-0.0254362,0.852099,-4.45459,5.32461
0.0144603,0.0284562,-0.00052242,-0.61047,-0.130289,-0.00052242,-0.61047,-0.101851,-0.354618
0.655704,0.0340637,0.50875,0.523094,7.54015,0.50875,0.523094,7.57313,-15.8057
0.353958,-0.0951522,0.333139,-0.962696,-9.41241,0.333139,-0.962696,-9.50101,20.7801
1.79373,0.173151,0.367792,-0.65521,-7.39336,0.367792,-0.65521,-7.2018,10.8079
1.46075,0.167847,0.368871,-0.838418,6.46228,0.368871,-0.838418,6.61128,-16.3145
1.5306,-0.14691,-0.211901,0.191401,5.47641,-0.211901,0.191401,5.32268,-7.65866
-0.612641,0.19333,-0.931836,-0.273129,-7.6967,-0.931836,-0.273129,-7.4834,10.9184
-0.366958,0.0633808,0.0100698,-0.472506,-0.875087,0.0100698,-0.472506,-0.812044,0.378129
1.88676,-0.0710374,0.543078,0.949985,1.39472,0.543078,0.949985,1.3214,-1.24356
2.23661,0.0879295,-0.613008,-0.19174,-0.481754,-0.613008,-0.19174,-0.395472,-0.935066
1.33585,0.0533807,0.172602,0.117549,6.46318,0.172602,0.117549,6.51363,-14.0555
1.31078,-0.136691,-0.993986,0.715642,-0.296495,-0.993986,0.715642,-0.431612,3.52871
0.559385,-0.0669575,0.329145,-0.187194,-9.15612,0.329145,-0.187194,-9.2176,19.7066
-1.30896,0.0792538,0.603013,0.487399,-6.43026,0.603013,0.487399,-6.34792,11.1027
1.06241,-0.0454107,0.418801,0.851194,9.61637,0.418801,0.851194,9.56827,-18.2262
0.367863,0.0455214,-0.614239,0.805358,-3.63405,-0.614239,0.805358,-3.58724,6.27423
0.805737,0.184748,0.719047,0.481221,-7.48198,0.719047,0.481221,-7.27815,10.7044
-2.06247,0.100011,0.440558,-0.605566,-3.59907,0.440558,-0.605566,-3.4963,4.9987
-0.0778537,0.138005,-0.289811,0.557092,-8.80465,-0.289811,0.557092,-8.65247,14.4413
-1.98815,-0.19766,0.533152,0.200904,-6.10003,0.533152,0.200904,-6.26516,16.1392
-0.137492,0.162818,-0.651695,0.780259,0.410227,-0.651695,0.780259,0.570578,-4.30645
-2.30546,0.0288705,0.585931,0.587505,-0.933647,0.585931,0.587505,-0.904767,1.24242
0.121282,-0.0306477,0.338926,0.919425,-1.84047,0.338926,0.919425,-1.87163,4.34272
0.30454,-0.0581753,0.814583,-0.33032,-3.12082,0.814583,-0.33032,-3.17701,7.48402
1.90559,-0.0890564,0.659965,0.848671,4.46844,0.659965,0.848671,4.37488,-6.9701
1.09278,0.126189,0.442014,0.0124651,-9.2521,0.442014,0.0124651,-9.11518,15.6161
-1.89051,0.0342609,0.36503,-0.877254,8.19908,0.36503,-0.877254,8.23302,-17.1284
-1.66845,-0.146314,0.971334,0.541965,-6.78026,0.971334,0.541965,-6.90921,16.5312
2.38551,-0.101026,-0.748273,0.671982,8.92525,-0.748273,0.671982,8.81558,-15.5625
-1.01961,0.00194338,-0.733933,-0.903176,-0.857234,-0.733933,-0.903176,-0.855248,1.67236
1.28627,0.136764,0.530083,-0.180398,9.19999,0.530083,-0.180398,9.3154,-21.1318
-0.896302,0.0588388,0.20278,-0.620211,5.70185,0.20278,-0.620211,5.75858,-12.651
-2.00785,-0.167005,0.98166,0.237292,0.926434,0.98166,0.237292,0.763055,1.75655
0.088825,0.130568,0.0398614,-0.184727,-0.578387,0.0398614,-0.184727,-0.450765,-1.66062
-1.3696,0.0940999,-0.0564894,0.731743,6.02443,-0.0564894,0.731743,6.11332,-14.0161
0.22215,0.175537,-0.134272,-0.764842,1.04895,-0.134272,-0.764842,1.21903,-5.82697
-1.99724,0.0651706,0.668371,0.924099,-0.821439,0.668371,0.924099,-0.754587,0.228229
-0.967653,-0.0542883,0.543148,0.202321,-1.65431,0.543148,0.202321,-1.70707,4.47372
-2.21519,-0.163566,0.294434,0.318892,-5.85962,0.294434,0.318892,-6.00215,15.0389
0.202453,-0.00273096,0.710986,0.576475,7.07406,0.710986,0.576475,7.07133,-14.089
0.366567,0.0779619,-0.985382,0.675773,9.6324,-0.985382,0.675773,9.70446,-20.878
2.01238,0.0231043,-0.558989,-0.769282,0.671331,-0.558989,-0.769282,0.694635,-1.84216
-2.20862,0.142698,0.191139,0.761968,-1.61042,0.191139,0.761968,-1.46524,0.110447
-1.28676,-0.138528,0.714913,0.336313,-6.70548,0.714913,0.336313,-6.8274,16.2332
1.72276,-0.119309,-0.113287,0.30617,2.11959,-0.113287,0.30617,2.00026,-1.63679
2.2819,-0.0336331,-0.466553,0.421765,3.22709,-0.466553,0.421765,3.19346,-5.72355
-0.844344,0.188572,0.453035,-0.0248271,5.01227,0.453035,-0.0248271,5.17473,-13.8439
-2.39939,-0.0677258,-0.95491,-0.994872,8.0491,-0.95491,-0.994872,7.97586,-14.5874
2.02069,0.105896,0.31484,0.909461,-9.98114,0.31484,0.909461,-9.86264,17.541
-0.289292,-0.184105,0.75124,0.915127,4.51735,0.75124,0.915127,4.31866,-4.8996
-1.59313,0.146226,-0.82208,0.0165331,6.64413,-0.82208,0.0165331,6.77117,-16.2565
-1.44474,-0.146283,0.805965,0.255429,-9.28884,0.805965,0.255429,-9.41078,21.4804
-0.237469,0.107578,0.415367,-0.778681,-0.712505,0.415367,-0.778681,-0.603832,-0.905919
1.41392,-0.0793548,-0.690231,0.211599,5.97794,-0.690231,0.211599,5.89654,-10.2007
0.935801,-0.0270778,0.0622247,0.424006,7.2548,0.0622247,0.424006,7.22748,-13.9185
-0.624441,-0.0266754,0.0287,-0.625784,3.2929,0.0287,-0.625784,3.26599,-6.00634
-1.19645,0.0821059,0.531638,0.460857,-4.27235,0.531638,0.460857,-4.18848,6.73964
-0.87841,-0.0294367,-0.69711,-0.540742,9.19998,-0.69711,-0.540742,9.1699,-17.7544
1.57452,0.12682,-0.142934,-0.793175,7.55784,-0.142934,-0.793175,7.67263,-17.7036
-0.6225,0.178911,0.120663,0.147595,-5.7851,0.120663,0.147595,-5.59539,7.52062
1.32061,-0.0303987,0.0455158,0.497253,5.15559,0.0455158,0.497253,5.12494,-9.64882
-1.90425,0.0131531,0.475004,-0.960879,8.41455,0.475004,-0.960879,8.42791,-17.1124
-0.725279,-0.116257,0.234326,-0.135131,-9.39062,0.234326,-0.135131,-9.49098,21.1297
-0.429913,0.0752504,-0.812146,-0.432058,0.277894,-0.812146,-0.432058,0.351939,-2.17691
1.92521,-0.179941,0.147787,-0.229895,-3.81286,0.147787,-0.229895,-3.97334,11.3298
1.29058,0.0723086,0.381066,0.189971,-1.37196,0.381066,0.189971,-1.30046,1.17667
1.22483,-0.0661823,0.216813,0.083976,7.85738,0.216813,0.083976,7.78921,-14.2468
0.663144,-0.0360783,-0.659249,0.995357,3.71634,-0.659249,0.995357,3.67871,-6.64494
0.483559,-0.131012,-0.78018,0.450546,3.27168,-0.78018,0.450546,3.13794,-3.65897
2.31427,-0.0361632,-0.265017,0.639794,1.57006,-0.265017,0.639794,1.53368,-2.35598
-2.09997,0.106293,-0.979216,-0.205569,-9.86931,-0.979216,-0.205569,-9.75462,17.3176
-2.15639,0.0957179,-0.96324,-0.305331,0.303459,-0.96324,-0.305331,0.396869,-2.66522
-0.281553,-0.173899,0.281892,-0.591593,-5.11618,0.281892,-0.591593,-5.2706,13.777
-0.540273,-0.0777845,-0.092532,-0.326462,-3.23913,-0.092532,-0.326462,-3.31354,8.13164
0.628413,-0.0633512,-0.729536,0.381919,9.2171,-0.729536,0.381919,9.15098,-17.0231
1.70098,0.14968,0.666931,0.407572,-3.53937,0.666931,0.407572,-3.38595,3.77042
2.28805,-0.0608088,-0.137664,-0.0867311,7.22338,-0.137664,-0.0867311,7.1612,-13.1036
-1.16341,-0.127353,0.495444,0.738634,-0.748967,0.495444,0.738634,-0.874608,4.22697
-0.586548,-0.142138,0.993473,-0.112,3.99375,0.993473,-0.112,3.84837,-4.83976
-1.16152,0.0823158,0.965818,0.40157,-3.7145,0.965818,0.40157,-3.63099,5.62418
-2.39365,-0.0378897,-0.425812,-0.0492001,-2.26945,-0.425812,-0.0492001,-2.30625,5.35242
0.387178,-0.0452053,-0.958189,-0.517854,7.78295,-0.958189,-0.517854,7.73648,-14.5705
1.65943,0.0499357,-0.242771,0.765968,8.47704,-0.242771,0.765968,8.52529,-18.0086
-0.640996,0.0502874,0.234763,0.972893,-4.79514,0.234763,0.972893,-4.74232,8.48642
-2.27966,0.076301,0.905362,-0.0985981,-5.95417,0.905362,-0.0985981,-5.87615,10.2225
2.33712,0.156572,0.611316,0.890832,0.155808,0.611316,0.890832,0.312335,-3.67644
1.40427,0.127956,-0.0360003,0.0733181,-5.94998,-0.0360003,0.0733181,-5.81631,9.03388
-2.24312,0.160469,0.146272,-0.464193,-3.50703,0.146272,-0.464193,-3.34204,3.46331
-0.620794,0.110665,-0.577234,-0.222877,5.37393,-0.577234,-0.222877,5.47521,-13.0502
0.159801,0.0199671,-0.621018,-0.520949,-1.55161,-0.621018,-0.520949,-1.53169,2.67105
0.0837461,0.0119872,0.62846,-0.460856,-9.4259,0.62846,-0.460856,-9.41388,18.5912
1.61682,-0.0402728,0.944378,-0.917124,-7.17991,0.944378,-0.917124,-7.21989,15.218
-1.09964,0.181906,0.146654,-0.97781,0.850145,0.146654,-0.97781,1.02996,-5.57529
-1.90991,0.0379454,0.031086,-0.734467,-4.35352,0.031086,-0.734467,-4.31469,7.87885
1.55182,0.137371,-0.873812,0.134704,3.33852,-0.873812,0.134704,3.46521,-9.55188
0.12369,0.110247,-0.310435,-0.276324,-0.326908,-0.310435,-0.276324,-0.218945,-1.72343
0.355481,-0.0952,0.547582,0.236111,-5.08123,0.547582,0.236111,-5.16965,12.1575
2.21902,0.0992933,-0.136577,-0.66791,8.75641,-0.136577,-0.66791,8.84669,-19.5512
1.13764,-0.111134,-0.951148,-0.0481909,3.76826,-0.951148,-0.0481909,3.65563,-5.09019
-1.33786,0.115718,-0.138459,-0.379384,-2.30507,-0.138459,-0.379384,-2.18881,2.08303
-1.49332,-0.145527,-0.701144,-0.456597,-3.30386,-0.701144,-0.456597,-3.43889,9.65026
0.865218,-0.0889354,0.618397,0.0564664,-2.71832,0.618397,0.0564664,-2.80291,7.32627
-0.767402,-0.0279316,0.986142,-0.7055,-7.72086,0.986142,-0.7055,-7.74834,16.0386
-1.47615,-0.153313,-0.960494,0.0861435,-4.52614,-0.960494,0.0861435,-4.66338,12.2136
-0.0208309,0.033301,-0.58646,-0.787872,-5.43672,-0.58646,-0.787872,-5.40245,10.1457
-2.23174,0.143153,-0.431889,0.540827,-2.65309,-0.431889,0.540827,-2.50738,2.16439
0.263494,-0.0724336,0.781956,-0.206269,1.43461,0.781956,-0.206269,1.36294,-1.29882
1.70049,0.168197,-0.0412796,0.703211,-7.50961,-0.0412796,0.703211,-7.32304,11.1549
1.15331,-0.00812189,0.849891,-0.163976,-0.950995,0.849891,-0.163976,-0.958966,2.07722
-1.58119,0.194908,-0.856968,0.73704,-0.827452,-0.856968,0.73704,-0.633416,-2.55709
1.73268,0.103021,0.353586,0.390608,9.91766,0.353586,0.390608,10.0082,-21.928
1.97893,0.145874,0.161566,-0.116183,7.02561,0.161566,-0.116183,7.15168,-17.0034
-1.15682,0.166403,-0.658871,-0.786982,-7.7394,-0.658871,-0.786982,-7.55331,11.6482
-0.441316,-0.0567026,0.155975,0.914421,-0.131867,0.155975,0.914421,-0.189681,1.49066
-1.39656,-0.159597,0.388761,0.0488552,-6.68436,0.388761,0.0488552,-6.82107,16.5868
-1.13102,0.0138222,-0.955918,-0.577787,8.9157,-0.955918,-0.577787,8.92932,-18.1281
2.20648,0.106961,-0.334025,-0.805341,8.25959,-0.334025,-0.805341,8.35765,-18.7144
-2.36939,-0.031299,-0.0245382,0.898193,3.0847,-0.0245382,0.898193,3.05246,-5.48794
1.1641,-0.0398875,0.666507,0.838971,-7.25175,0.666507,0.838971,-7.29108,15.3529
-1.56865,-0.0399805,0.414261,-0.225486,8.64464,0.414261,-0.225486,8.60399,-16.41
-0.363693,0.0777101,-0.829691,-0.502448,7.70761,-0.829691,-0.502448,7.77983,-17.0358
-0.1897,0.103341,-0.563566,0.803047,5.53393,-0.563566,0.803047,5.63192,-13.2277
0.427435,-0.162158,0.916887,0.513643,5.30245,0.916887,0.513643,5.13065,-6.95907
1.63781,0.0830925,-0.955243,-0.0210378,3.40356,-0.955243,-0.0210378,3.4823,-8.56898
1.44426,0.157254,0.901576,0.966684,4.26986,0.901576,0.966684,4.41807,-11.7997
0.48774,-0.0756464,-0.441132,-0.869338,1.12874,-0.441132,-0.869338,1.05136,-0.613939
-0.505909,-0.0698144,0.416981,-0.616327,4.59195,0.416981,-0.616327,4.52016,-7.64966
0.402652,-0.0381206,-0.62131,0.695096,5.81216,-0.62131,0.695096,5.77304,-10.7899
-0.560751,-0.0779664,0.143118,0.905611,8.07623,0.143118,0.905611,7.99202,-14.4073
-1.42646,-0.146915,-0.620791,-0.706295,-4.0586,-0.620791,-0.706295,-4.19532,11.1724
0.144763,-0.021066,-0.259393,-0.914905,-7.4125,-0.259393,-0.914905,-7.43371,15.2774
-1.93207,-0.133788,0.264309,0.240391,-5.56067,0.264309,0.240391,-5.68063,13.8768
1.63481,-0.13097,0.530213,-0.291103,-0.765917,0.530213,-0.291103,-0.891966,4.33094
-0.202099,-0.0310777,0.0437443,0.587411,5.49869,0.0437443,0.587411,5.46716,-10.3194
-1.7263,0.0798343,0.117821,-0.807526,-1.56151,0.117821,-0.807526,-1.47998,1.38585
2.04828,-0.115083,0.0279728,0.0992009,3.37422,0.0279728,0.0992009,3.25796,-4.21988
1.71486,-0.104239,-0.987264,0.196345,-3.24453,-0.987264,0.196345,-3.34264,8.69046
1.22718,0.140964,0.852035,0.663783,2.48235,0.852035,0.663783,2.61674,-7.93813
-0.898672,-0.155944,-0.0158161,-0.810897,-8.2866,-0.0158161,-0.810897,-8.42191,19.6867
-0.987124,-0.0696792,0.249199,-0.505231,-4.85948,0.249199,-0.505231,-4.92612,11.1943
-1.31774,-0.0222709,-0.733688,-0.912757,-0.0400675,-0.733688,-0.912757,-0.0628325,0.562553
-0.632024,-0.0763185,-0.39869,0.853525,-6.41291,-0.39869,0.853525,-6.4865,14.4311
1.31398,-0.0625402,-0.651221,-0.371055,2.94621,-0.651221,-0.371055,2.88346,-4.52941
-1.50396,-0.195568,-0.478537,0.483969,-0.502149,-0.478537,0.483969,-0.688821,5.16401
-0.463332,0.0901201,0.282363,0.756158,-2.44007,0.282363,0.756158,-2.34767,2.91051
0.723175,0.113192,0.0496311,0.569361,-0.414211,0.0496311,0.569361,-0.3019,-1.61615
-0.0914975,0.091442,-0.16541,-0.381639,-9.81294,-0.16541,-0.381639,-9.71497,17.5572
-0.378308,-0.165712,-0.981056,-0.373855,-8.97896,-0.981056,-0.373855,-9.11492,21.2165
2.20877,0.135739,-0.728424,-0.48979,-0.0408523,-0.728424,-0.48979,0.0921323,-2.8376
0.435136,0.0225882,0.74971,-0.831866,-1.99166,0.74971,-0.831866,-1.96862,3.4931
-2.21554,0.0092976,-0.91131,0.342316,-1.80861,-0.91131,0.342316,-1.79942,3.41627
-1.79243,0.0615125,-0.48506,-0.25381,-5.85823,-0.48506,-0.25381,-5.79565,10.3633
-1.3248,-0.197136,0.876924,0.485195,0.892345,0.876924,0.485195,0.698939,2.472
-1.38647,-0.0263644,0.343356,0.734813,-5.34721,0.343356,0.734813,-5.3734,11.2603
0.111174,0.0829591,0.948205,0.331884,1.04422,0.948205,0.331884,1.12492,-3.86789
0.012761,-0.195798,0.321042,-0.339717,7.00686,0.321042,-0.339717,6.79282,-9.50899
-1.47468,0.00151401,0.581223,-0.241904,-1.5661,0.581223,-0.241904,-1.56461,3.09952
1.63508,-0.15249,0.10724,0.253299,2.27712,0.10724,0.253299,2.12444,-1.21932
1.46512,-0.0398077,0.236398,-0.00852957,7.15796,0.236398,-0.00852957,7.11782,-13.4435
0.728629,-0.189267,-0.926233,-0.672331,-5.32173,-0.926233,-0.672331,-5.48782,14.4709
0.823161,0.0161494,-0.427189,-0.395583,9.9841,-0.427189,-0.395583,9.99981,-20.3138
-1.38504,0.172371,0.240507,0.696598,-1.08852,0.240507,0.696598,-0.915898,-1.56055
1.95529,0.0429468,-0.831301,-0.0254366,-3.53473,-0.831301,-0.0254366,-3.49201,6.13522
-1.01351,0.165597,0.505552,-0.395054,7.93156,0.505552,-0.395054,8.07041,-19.1542
-0.999779,0.125079,-0.401375,0.877216,-3.5649,-0.401375,0.877216,-3.43333,4.36536
0.559657,0.0355299,-0.243531,0.393729,9.60686,-0.243531,0.393729,9.64075,-19.9663
1.48322,-0.0846102,-0.792037,0.457645,-6.786,-0.792037,0.457645,-6.86459,15.3381
-1.35175,0.164788,-0.273113,0.957259,9.94046,-0.273113,0.957259,10.0796,-23.1046
-1.86936,0.0824817,-0.508208,-0.274838,7.47031,-0.508208,-0.274838,7.54604,-16.6572
-2.21532,0.0430215,-0.343846,0.37681,7.31832,-0.343846,0.37681,7.35942,-15.549
1.89199,-0.169624,0.466382,0.373719,-0.781772,0.466382,0.373719,-0.94349,5.17199
1.64798,-0.055415,-0.0111332,0.31133,0.330586,-0.0111332,0.31133,0.275982,0.535568
-1.62341,0.198869,-0.384996,-0.981175,-0.496242,-0.384996,-0.981175,-0.295591,-3.29662
-0.882185,-0.117174,-0.329437,0.292849,5.79315,-0.329437,0.292849,5.671,-8.97052
-1.63027,0.120966,0.247421,-0.704679,8.52309,0.247421,-0.704679,8.63104,-19.5035
1.37416,-0.026714,-0.756708,0.421848,-5.34521,-0.756708,0.421848,-5.37126,11.2628
1.60123,0.0192666,0.507026,0.0598362,-0.318946,0.507026,0.0598362,-0.300036,0.221974
-2.00065,0.130566,-0.844256,0.14643,1.05705,-0.844256,0.14643,1.18182,-4.89796
-1.54185,-0.0889064,0.821395,-0.0999734,-9.30011,0.821395,-0.0999734,-9.37952,20.427
-2.13049,0.140698,-0.551093,-0.588869,-6.56784,-0.551093,-0.588869,-6.41658,9.95496
-0.295811,0.193095,0.349939,-0.705197,7.54129,0.349939,-0.705197,7.70245,-18.8836
0.874156,-0.185716,-0.432702,0.910933,-1.08466,-0.432702,0.910933,-1.26603,6.11137
1.65608,0.0743612,0.00198084,-0.532341,1.38213,0.00198084,-0.532341,1.45506,-4.35971
0.145663,0.177923,0.166242,-0.958761,-8.3025,0.166242,-0.958761,-8.09812,12.4681
-0.12269,-0.159654,0.467051,0.968744,9.27767,0.467051,0.968744,9.09326,-14.8361
2.00077,-0.100929,-0.485214,-0.30841,-6.7927,-0.485214,-0.30841,-6.88453,15.6759
0.987806,0.00730223,0.72127,-0.140218,-2.42495,0.72127,-0.140218,-2.41777,4.69214
-0.569642,0.17226,0.0843286,0.30803,0.994787,0.0843286,0.30803,1.15786,-5.6445
-0.0966127,0.119238,-0.451606,-0.88614,-2.77114,-0.451606,-0.88614,-2.64686,2.92222
-0.3005,0.128459,-0.509051,-0.487349,-5.74377,-0.509051,-0.487349,-5.6084,8.61094
-0.256633,-0.165576,-0.416356,0.333815,1.09418,-0.416356,0.333815,0.931252,1.39675
0.927609,-0.0324551,-0.242583,-0.146907,-2.48522,-0.242583,-0.146907,-2.5168,5.66761
2.37639,-0.180662,0.8704,0.669466,-7.37364,0.8704,0.669466,-7.52677,18.3339
-1.67232,0.026158,-0.898979,0.384102,-3.1119,-0.898979,0.384102,-3.08585,5.65643
-0.00720168,0.111721,-0.906096,0.509797,2.00057,-0.906096,0.509797,2.10808,-6.3773
-0.949735,-0.130791,0.352451,0.224917,4.68171,0.352451,0.224917,4.5468,-6.45713
1.12414,0.0966253,0.117046,-0.0450317,-8.88976,0.117046,-0.0450317,-8.78737,15.5999
0.784469,-0.128858,0.802632,0.0218334,-7.34686,0.802632,0.0218334,-7.45956,17.3166
1.3597,0.173695,0.996656,-0.303985,0.8872,0.996656,-0.303985,1.05185,-5.46283
-0.222047,0.0256241,0.55833,0.242579,1.84814,0.55833,0.242579,1.87322,-4.2479
-0.687448,0.184721,0.872015,0.598607,-2.0268,0.872015,0.598607,-1.84018,0.0141104
1.74638,0.0662382,0.0762845,0.581257,-0.799485,0.0762845,0.581257,-0.733256,0.164652
-1.54378,0.11698,0.286519,-0.717409,5.72426,0.286519,-0.717409,5.83303,-13.8763
-1.53179,0.170492,0.60639,0.422145,-1.83668,0.60639,0.422145,-1.66635,-0.0444898
2.38968,0.116661,0.916823,0.210001,5.50571,0.916823,0.210001,5.61177,-13.431
0.184114,0.0520189,-0.613179,-0.72028,5.37714,-0.613179,-0.72028,5.42796,-11.8614
-1.29247,0.06059,0.672668,0.102141,3.99108,0.672668,0.102141,4.04892,-9.27102
1.23629,-0.191201,0.692266,-0.638791,-4.64602,0.692266,-0.638791,-4.81554,13.1841
-0.919714,-0.0967343,-0.57189,-0.176106,-6.1325,-0.57189,-0.176106,-6.22115,14.2791
2.29177,-0.179434,0.0710093,-0.0665534,-5.88316,0.0710093,-0.0665534,-6.03624,15.3803
-1.73618,0.0599962,0.507302,0.197559,-6.36288,0.507302,0.197559,-6.30178,11.4045
-0.411602,-0.14549,-0.460318,-0.79994,-6.45262,-0.460318,-0.79994,-6.58414,15.8736
-2.37794,0.136875,-0.584655,0.422153,8.37268,-0.584655,0.422153,8.49069,-19.4997
0.0355179,-0.0664981,0.135674,-0.651405,-0.326607,0.135674,-0.651405,-0.392886,2.08777
-1.73512,0.0132985,-0.861604,-0.0221085,4.81518,-0.861604,-0.0221085,4.82814,-9.91633
2.22373,-0.0310168,0.76587,-0.773965,5.09501,0.76587,-0.773965,5.06319,-9.51305
-0.634905,0.146957,-0.653011,-0.643377,7.61549,-0.653011,-0.643377,7.74402,-18.194
1.20901,-0.0248112,0.996272,-0.0240932,-2.00805,0.996272,-0.0240932,-2.03226,4.55001
-1.28912,-0.0773462,0.513368,-0.908267,1.95497,0.513368,-0.908267,1.87509,-2.22295
1.71128,0.137421,0.639856,-0.563809,6.39161,0.639856,-0.563809,6.51468,-15.5943
0.129572,-0.0428861,0.413428,0.691457,-0.0876699,0.413428,0.691457,-0.13069,1.10231
0.749581,-0.13035,-0.72597,-0.663635,-0.0381109,-0.72597,-0.663635,-0.167121,2.88164
0.96938,-0.193504,-0.838987,-0.499298,-2.98466,-0.838987,-0.499298,-3.16049,9.97591
-0.62787,0.0502461,0.197138,0.0365157,5.42517,0.197138,0.0365157,5.473,-11.9176
-1.55699,0.178018,0.164889,-0.914382,-3.04324,0.164889,-0.914382,-2.85591,2.14725
0.139301,0.178467,-0.917952,-0.156965,6.88947,-0.917952,-0.156965,7.03889,-17.3371
-1.61149,-0.0931478,-0.350494,-0.527335,9.70127,-0.350494,-0.527335,9.60082,-17.2935
1.63828,-0.0401668,0.300196,-0.380485,-5.15698,0.300196,-0.380485,-5.19579,11.1711
1.67733,-0.16982,0.243764,0.0727953,3.88768,0.243764,0.0727953,3.71362,-4.00453
-0.150464,0.185904,0.212288,-0.568873,-1.50194,0.212288,-0.568873,-1.31626,-1.03931
1.56114,-0.171446,0.0643447,0.202358,-3.30017,0.0643447,0.202358,-3.45537,10.1567
0.0449481,0.0200528,-0.787306,0.49694,0.232041,-0.787306,0.49694,0.251945,-0.897198
0.0357554,-0.116674,0.406226,0.0439373,-8.74918,0.406226,0.0439373,-8.85062,19.8649
0.130226,-0.176687,0.229779,-0.0606368,4.20976,0.229779,-0.0606368,4.02754,-4.48108
-1.11526,0.115524,-0.627522,0.687986,-9.21038,-0.627522,0.687986,-9.08326,15.7839
-0.0501499,-0.0913238,0.942151,0.134424,-0.381637,0.942151,0.134424,-0.47042,2.7262
-0.301133,-0.105727,-0.360445,-0.918055,-6.49679,-0.360445,-0.918055,-6.59683,15.1905
1.5692,-0.195753,-0.138012,-0.681946,9.3338,-0.138012,-0.681946,9.10765,-14.0512
-0.316272,-0.185398,0.947304,-0.513059,-7.20989,0.947304,-0.513059,-7.36502,18.0943
1.47459,0.0131557,0.326538,-0.399667,-4.21763,0.326538,-0.399667,-4.20454,8.15025
1.40335,0.0262859,0.765335,0.848543,-9.349,0.765335,0.848543,-9.32163,18.1212
-0.34143,0.0827361,-0.935291,-0.939146,1.82586,-0.935291,-0.939146,1.90899,-5.42635
-1.17015,0.00928803,-0.87042,-0.554024,0.681928,-0.87042,-0.554024,0.691176,-1.56452
-0.697118,-0.184831,-0.307051,-0.864101,9.96462,-0.307051,-0.864101,9.74762,-15.5574
0.928012,0.0269208,-0.146327,0.182612,-3.43469,-0.146327,0.182612,-3.408,6.28541
-0.617848,0.130602,-0.705563,-0.918946,-2.90114,-0.705563,-0.918946,-2.76428,2.92635
1.25584,0.10383,-0.487541,0.354813,-2.18016,-0.487541,0.354813,-2.07615,2.09646
1.63833,-0.0192495,-0.24837,-0.637026,-6.69642,-0.24837,-0.637026,-6.71544,13.806
0.890015,0.00943297,-0.356016,-0.112021,9.57302,-0.356016,-0.112021,9.58219,-19.3486
1.03738,-0.0941525,-0.916576,-0.503617,-1.35628,-0.916576,-0.503617,-1.44801,4.72773
1.36882,-0.187782,-0.618659,-0.911718,1.08333,-0.618659,-0.911718,0.892547,1.90895
-0.96957,-0.0978472,0.899088,-0.861128,4.04553,0.899088,-0.861128,3.94277,-5.93112
0.786313,-0.00917566,-0.057071,-0.671828,-3.57143,-0.057071,-0.671828,-3.58061,7.34094
-2.38972,-0.0627901,0.976721,0.213444,-6.37535,0.976721,0.213444,-6.4344,14.0746
2.03545,-0.0168379,0.644553,0.466913,-6.51199,0.644553,0.466913,-6.5285,13.3855
2.01887,0.147091,-0.171818,0.829084,-1.25973,-0.171818,0.829084,-1.11008,-0.679349
1.39637,0.0300025,0.232948,0.589414,7.69775,0.232948,0.589414,7.72699,-16.0356
-2.19256,0.150563,0.636668,-0.830832,4.90612,0.636668,-0.830832,5.04543,-12.9196
-0.894843,0.0822191,-0.411338,-0.923029,-4.89167,-0.411338,-0.923029,-4.80464,7.96549
0.514985,-0.0553563,-0.35414,-0.884121,-2.69629,-0.35414,-0.884121,-2.75181,6.58072
-2.39627,-0.0661068,-0.351179,-0.188947,4.50465,-0.351179,-0.188947,4.43794,-7.56041
-1.86277,-0.0103037,0.360765,-0.488763,-1.84135,0.360765,-0.488763,-1.85156,3.90508
0.399133,0.184539,-0.597009,-0.943828,2.25612,-0.597009,-0.943828,2.43305,-8.38362
0.303207,0.101226,0.414195,-0.628278,0.852884,0.414195,-0.628278,0.952531,-3.87797
0.352383,-0.171868,0.399281,0.442369,-1.11812,0.399281,0.442369,-1.28135,5.88042
0.427627,-0.180982,-0.353697,-0.15842,-1.39797,-0.353697,-0.15842,-1.56681,6.61397
-0.414389,0.0513798,0.77289,-0.391778,-9.74007,0.77289,-0.391778,-9.6868,18.3404
1.68403,0.181972,0.392779,-0.565829,-3.2369,0.392779,-0.565829,-3.04942,2.44752
0.395805,0.0976535,0.622059,0.864332,7.44563,0.622059,0.864332,7.5373,-16.9157
1.86006,-0.0844698,-0.470704,0.300442,-2.62416,-0.470704,0.300442,-2.70509,7.04621
0.628941,0.0292831,0.64348,-0.779457,-6.0418,0.64348,-0.779457,-6.01169,11.4438
1.2968,0.175302,0.865362,0.594932,9.55702,0.865362,0.594932,9.69907,-22.5227
-0.291011,-0.104618,-0.00798015,0.810529,1.22913,-0.00798015,0.810529,1.12259,-0.184047
1.59456,-0.161032,-0.689672,0.881663,1.08269,-0.689672,0.881663,0.918844,1.33191
0.85774,0.0357695,0.943861,-0.719831,-9.25488,0.943861,-0.719831,-9.21771,17.722
-2.28466,-0.0169676,-0.71132,0.388565,-5.07764,-0.71132,0.388565,-5.09426,10.5199
-1.53976,0.132318,-0.601015,0.776311,9.24201,-0.601015,0.776311,9.35799,-21.1409
0.804271,-0.149384,-0.661229,-0.589461,-9.85844,-0.661229,-0.589461,-9.98329,22.6642
-2.11738,0.13601,0.785494,-0.153882,6.4845,0.785494,-0.153882,6.6043,-15.7469
-0.504733,-0.120925,-0.982179,0.167914,-6.75587,-0.982179,0.167914,-6.86353,15.9936
-0.954756,-0.0186543,-0.080688,0.397974,-0.559903,-0.080688,0.397974,-0.578326,1.52243
-1.1073,-0.0765262,0.554359,0.799142,2.97373,0.554359,0.799142,2.89481,-4.27271
0.203438,0.121683,0.521329,-0.511627,-1.76511,0.521329,-0.511627,-1.64291,0.879996
-0.43406,0.126995,0.174733,-0.283853,-9.5847,0.174733,-0.283853,-9.4458,16.2545
0.947855,-0.175473,-0.396829,0.941164,1.80537,-0.396829,0.941164,1.62406,0.226909
-2.16672,0.160335,-0.0604383,0.355393,-4.65598,-0.0604383,0.355393,-4.48892,5.73038
1.56886,-0.0195302,0.749831,0.66226,-6.27566,0.749831,0.66226,-6.295,12.9708
-1.18109,0.122018,0.351987,-0.0613201,-7.57071,0.351987,-0.0613201,-7.44115,12.3836
-0.113483,-0.181344,0.109656,-0.569881,5.02236,0.109656,-0.569881,4.82969,-5.96249
-0.333153,0.0318556,-0.394527,0.108672,-3.93299,-0.394527,0.108672,-3.90134,7.17382
-1.33382,0.0920852,-0.27161,0.478704,8.28404,-0.27161,0.478704,8.36785,-18.4689
-0.266598,0.00857072,-0.176004,0.797162,2.36176,-0.176004,0.797162,2.37042,-4.90882
-0.267679,-0.148798,0.202322,0.0885768,-4.0351,0.202322,0.0885768,-4.16981,11.1561
2.28104,-0.0388739,0.0500872,-0.434765,0.209604,0.0500872,-0.434765,0.171114,0.420544
-2.03795,0.0663682,0.661645,0.973441,6.68647,0.661645,0.973441,6.75156,-14.7746
-0.947536,0.0180797,0.240064,0.494267,-4.04574,0.240064,0.494267,-4.02766,7.69929
-1.67532,-0.0622131,-0.227992,-0.785846,-2.77679,-0.227992,-0.785846,-2.83849,6.88582
-1.32031,0.0770235,-0.675046,0.293658,-4.40898,-0.675046,0.293658,-4.33082,7.12625
-1.61872,-0.153297,-0.493675,0.42798,0.505139,-0.493675,0.42798,0.354874,2.29449
-1.87505,0.113408,-0.809816,-0.173649,2.21173,-0.809816,-0.173649,2.31923,-6.82896
-2.06975,-0.00379146,0.505139,0.0611947,2.26576,0.505139,0.0611947,2.26204,-4.44965
0.193719,-0.0352642,0.663956,0.816767,0.384498,0.663956,0.816767,0.348713,-0.00525374
-1.7123,-0.0785799,-0.632197,0.744797,-2.32625,-0.632197,0.744797,-2.40371,6.33274
0.660347,0.0216549,-0.798203,0.190595,-3.47306,-0.798203,0.190595,-3.45162,6.47679
-0.806852,0.0377923,-0.578374,0.471689,-9.43409,-0.578374,0.471689,-9.39528,18.0358
-0.990364,0.0608424,0.0662552,-0.903759,3.69849,0.0662552,-0.903759,3.75912,-8.69732
-1.13778,-0.185163,0.768782,0.179395,-0.274221,0.768782,0.179395,-0.450512,4.49779
-2.09591,-0.0113459,0.886173,-0.0487591,-3.84824,0.886173,-0.0487591,-3.85933,7.94076
-2.12496,0.0920034,-0.239252,-0.573538,-7.69916,-0.239252,-0.573538,-7.60148,13.3361
1.50893,-0.0831042,0.286114,-0.642112,-6.20836,0.286114,-0.642112,-6.28689,14.159
0.212949,0.119614,-0.744148,0.758234,8.80665,-0.744148,0.758234,8.91362,-20.0411
0.873094,0.115269,-0.42027,0.957307,5.96055,-0.42027,0.957307,6.06987,-14.3157
-1.91784,0.0506632,-0.662358,-0.359337,-2.96003,-0.662358,-0.359337,-2.90935,4.81764
1.97861,-0.021776,-0.950568,-0.319553,-8.36718,-0.950568,-0.319553,-8.38825,17.1997
1.29682,0.197091,0.780614,-0.332062,4.13654,0.780614,-0.332062,4.30948,-12.294
1.25536,0.0993443,-0.894681,-0.965762,-4.84359,-0.894681,-0.965762,-4.73748,7.48232
-0.0673331,-0.0079395,0.0476864,0.915507,0.843178,0.0476864,0.915507,0.835051,-1.51428
2.3362,-0.106516,0.509003,-0.934023,8.85979,0.509003,-0.934023,8.74157,-15.2982
0.868026,0.0798663,-0.701087,-0.197547,-5.04494,-0.701087,-0.197547,-4.9636,8.33025
0.530409,0.0907231,-0.137729,-0.688203,-1.02927,-0.137729,-0.688203,-0.937845,0.0904292
0.0264217,-0.106751,-0.917642,0.582321,8.47194,-0.917642,0.582321,8.35672,-14.5278
1.6285,0.0237973,0.952224,0.818772,-2.45054,0.952224,0.818772,-2.42627,4.3843
-2.07139,-0.0555449,0.767786,-0.453971,-0.686846,0.767786,-0.453971,-0.741567,2.57008
-0.209504,-0.00822576,0.350509,-0.404147,-9.83166,0.350509,-0.404147,-9.83973,19.8402
0.225327,-0.192314,0.673703,0.584002,0.29194,0.673703,0.584002,0.104257,3.54532
-1.01814,-0.026333,0.0200494,-0.592505,9.89272,0.0200494,-0.592505,9.86575,-19.2081
1.46495,0.133857,-0.784605,0.174137,-5.52562,-0.784605,0.174137,-5.38607,8.05735
-1.42051,-0.146612,-0.926102,0.0157642,4.56779,-0.926102,0.0157642,4.41658,-5.87216
1.25591,0.165595,-0.921523,-0.450319,-9.63061,-0.921523,-0.450319,-9.44378,15.395
-1.49276,-0.109147,0.0701875,0.773679,-8.49745,0.0701875,0.773679,-8.59673,19.2284
-2.07045,0.179533,0.191307,-0.0305048,-2.49664,0.191307,-0.0305048,-2.31688,1.05575
1.6291,0.0549169,-0.988633,0.214424,-5.0316,-0.988633,0.214424,-4.9762,8.86048
0.460729,-0.192874,-0.715733,-0.247677,0.687227,-0.715733,-0.247677,0.500249,2.77883
0.136856,-0.00811613,0.738691,-0.656774,-0.0737091,0.738691,-0.656774,-0.0818451,0.322922
0.984973,0.0712983,0.720969,-0.656891,2.44137,0.720969,-0.656891,2.51134,-6.4076
-0.332371,0.189322,-0.218237,-0.120823,-3.54543,-0.218237,-0.120823,-3.35211,2.89208
1.54183,-0.192826,-0.00834374,-0.711159,3.01816,-0.00834374,-0.711159,2.81846,-1.77261
-1.31202,0.13994,0.415291,-0.821039,-3.86665,0.415291,-0.821039,-3.71922,4.62905
-2.11954,-0.0473254,0.467506,0.519736,5.16708,0.467506,0.519736,5.11893,-9.29823
-0.0995696,-0.1223,0.0625951,-0.684174,4.88979,0.0625951,-0.684174,4.76106,-7.05745
-1.14235,-0.0476902,-0.0206335,-0.677947,3.48617,-0.0206335,-0.677947,3.43758,-5.93202
0.221846,0.142414,0.805252,-0.908836,-9.79115,0.805252,-0.908836,-9.62807,16.2765
2.09289,0.15971,-0.51731,-0.131617,-2.20352,-0.51731,-0.131617,-2.04419,0.916154
-2.01133,-0.0589017,0.286972,0.255622,-0.118863,0.286972,0.255622,-0.176643,1.50766
1.25941,-0.0822676,0.0157058,0.222418,7.63289,0.0157058,0.222418,7.54725,-13.4312
-1.71488,0.188521,0.120926,0.283973,-3.27437,0.120926,0.283973,-3.0822,2.37826
-1.45008,0.0445169,0.688965,0.658392,3.22527,0.688965,0.658392,3.2692,-7.40505
-0.0368474,0.108289,0.031709,-0.253192,-5.86107,0.031709,-0.253192,-5.74861,9.30939
-0.304921,0.0666891,0.646138,0.549509,4.45747,0.646138,0.549509,4.5217,-10.3308
1.02883,-0.0348108,-0.360749,-0.449632,3.92846,-0.360749,-0.449632,3.89352,-7.09946
1.40487,-0.0171594,-0.895485,0.920351,-6.82623,-0.895485,0.920351,-6.84358,14.0218
-1.657,0.18988,-0.570263,-0.748911,-2.85972,-0.570263,-0.748911,-2.66312,1.52741
-0.88812,0.166924,-0.821252,0.899483,-4.47028,-0.821252,0.899483,-4.29099,5.20284
1.13288,-0.0314619,-0.801219,0.215408,-7.52663,-0.801219,0.215408,-7.5568,15.7233
0.442762,0.105053,-0.141987,-0.122977,9.89561,-0.141987,-0.122977,9.98701,-21.9212
2.38441,-0.0049772,0.486241,-0.0654596,0.46399,0.486241,-0.0654596,0.459106,-0.820548
-0.729492,0.130559,0.215527,-0.329394,7.87679,0.215527,-0.329394,7.99058,-18.3995
-0.889823,0.0872567,-0.992155,0.26609,-2.91154,-0.992155,0.26609,-2.82392,3.91655
0.53619,0.0907086,-0.0138333,0.836986,9.72141,-0.0138333,0.836986,9.80504,-21.3067
2.25176,0.072819,0.456754,-0.414482,-4.79111,0.456754,-0.414482,-4.7168,7.98116
0.937857,0.0304029,-0.266938,-0.234434,6.93429,-0.266938,-0.234434,6.96354,-14.5171
-2.15425,0.0547219,-0.775468,0.7153,-2.16894,-0.775468,0.7153,-2.11334,3.14724
-2.04704,-0.0560871,-0.516443,-0.659157,5.45902,-0.516443,-0.659157,5.4012,-9.68555
1.09003,-0.183158,0.234239,-0.538646,-7.91061,0.234239,-0.538646,-8.0622,19.4282
0.803182,0.188297,-0.479675,-0.514125,3.95536,-0.479675,-0.514125,4.12376,-11.7743
-1.68571,-0.179498,-0.899641,0.862219,0.991445,-0.899641,0.862219,0.809898,1.9091
1.05975,-0.142563,-0.632486,-0.486179,3.03614,-0.632486,-0.486179,2.89066,-2.93505
-1.79315,0.19786,0.979444,-0.468495,-2.59233,0.979444,-0.468495,-2.39185,0.833652
-2.31048,0.0678004,-0.202094,0.301701,-0.218279,-0.202094,0.301701,-0.151592,-1.02674
-1.97478,-0.0458097,0.342877,0.332918,-1.41298,0.342877,0.332918,-1.45781,3.81103
-1.90635,-0.199457,0.856088,0.5989,2.24685,0.856088,0.5989,2.04475,-0.120956
2.37606,0.172821,0.881193,-0.421262,8.04389,0.881193,-0.421262,8.18739,-19.5048
2.26199,0.18822,-0.925236,-0.376513,1.84571,-0.925236,-0.376513,2.02027,-7.6403
0.132098,0.0677823,-0.00692067,0.897055,8.17481,-0.00692067,0.897055,8.24004,-17.7711
0.393377,0.0692784,-0.529953,-0.628841,1.25984,-0.529953,-0.628841,1.32832,-4.00842
2.38129,-0.0892738,0.44171,0.824965,-4.23835,0.44171,0.824965,-4.32506,10.3649
-2.22322,0.151785,0.205298,0.689482,-6.56492,0.205298,0.689482,-6.40007,9.68636
2.0589,0.199624,0.119816,-0.605226,-7.0197,0.119816,-0.605226,-6.79866,9.43664
-1.34692,0.0896799,-0.443423,0.0700406,-9.71211,-0.443423,0.0700406,-9.61686,17.3993
-1.06412,0.0881862,0.363345,0.583843,9.07898,0.363345,0.583843,9.15944,-19.9757
-1.76912,0.0697292,-0.635817,0.176475,-4.58428,-0.635817,0.176475,-4.5138,7.63868
0.816997,0.167621,-0.902791,0.819641,3.96894,-0.902791,0.819641,4.12444,-11.4066
-0.0996235,0.173362,-0.915449,0.466904,-6.89511,-0.915449,0.466904,-6.70659,9.82777
-1.49193,0.089933,-0.516723,-0.745339,0.186528,-0.516723,-0.745339,0.276549,-2.31297
-1.25708,-0.0775826,0.814264,0.938584,-1.13344,0.814264,0.938584,-1.21193,3.93722
2.1041,-0.0138807,0.0720706,-0.305189,-7.73335,0.0720706,-0.305189,-7.74688,15.7646
-1.31453,0.0838083,0.566785,-0.556472,-8.87841,0.566785,-0.556472,-8.78913,15.8742
0.493634,0.197822,0.153359,-0.205383,-9.8456,0.153359,-0.205383,-9.61899,15.0068
-0.788896,0.106825,0.96524,-0.224972,-0.0657625,0.96524,-0.224972,0.0384631,-2.1684
-1.06539,-0.172106,0.215306,-0.272487,6.69175,0.215306,-0.272487,6.50651,-9.46069
0.856673,-0.161974,0.0416121,-0.49969,0.801215,0.0416121,-0.49969,0.641402,1.89804
-1.28446,0.0351178,-0.620019,0.275781,-6.25274,-0.620019,0.275781,-6.21742,11.7383
0.582374,0.0733777,0.562922,0.864046,-7.65272,0.562922,0.864046,-7.57418,13.6692
-1.75472,0.147997,0.686555,-0.707964,0.880721,0.686555,-0.707964,1.02526,-4.92121
1.82083,-0.0969961,0.321668,0.0676719,-8.93508,0.321668,0.0676719,-9.0212,19.8577
0.0765316,0.100096,0.0246255,-0.788338,2.10925,0.0246255,-0.788338,2.20769,-6.35389
-0.358235,0.181287,-0.549358,-0.79719,0.211785,-0.549358,-0.79719,0.390217,-4.30505
-0.19724,0.155516,-0.713597,0.4443,5.07127,-0.713597,0.4443,5.21041,-13.334
1.33345,-0.0240337,0.651001,0.126546,-1.80979,0.651001,0.126546,-1.83327,4.13698
2.08637,-0.16005,-0.0366288,0.907201,-7.81249,-0.0366288,0.907201,-7.95319,18.8299
-2.23243,-0.185809,-0.0404664,0.28488,-8.4753,-0.0404664,0.28488,-8.62472,20.5772
1.31752,-0.138263,-0.463131,0.972141,-5.4256,-0.463131,0.972141,-5.55547,13.709
-0.266327,0.091794,0.639923,0.218897,-5.54986,0.639923,0.218897,-5.45551,9.06661
-0.87943,0.0757429,0.401378,-0.309022,-7.2469,0.401378,-0.309022,-7.16841,12.8111
-0.414457,-0.0441934,0.267442,-0.994101,3.94221,0.267442,-0.994101,3.89597,-6.91753
-1.48866,0.182573,0.732693,-0.547565,6.53523,0.732693,-0.547565,6.69104,-16.7219
1.38367,0.039795,-0.646169,0.81418,3.54418,-0.646169,0.81418,3.58393,-7.94276
-0.72856,-0.168677,0.425214,-0.684102,0.564184,0.425214,-0.684102,0.396787,2.51145
-1.56537,0.0682825,-0.76155,-0.766642,-9.47182,-0.76155,-0.766642,-9.39867,17.4149
-1.68989,0.114721,0.461875,-0.137279,-2.87429,0.461875,-0.137279,-2.75901,3.23584
0.329747,0.121111,-0.580141,-0.889952,1.7237,-0.580141,-0.889952,1.84344,-6.03027
-0.136409,-0.186612,0.274524,0.510765,7.78924,0.274524,0.510765,7.58188,-11.2604
-1.65477,-0.0543944,-0.432612,-0.411278,-5.12873,-0.432612,-0.411278,-5.18092,11.4132
-2.06888,-0.0736911,-0.646488,0.633955,-4.29046,-0.646488,0.633955,-4.36161,10.144
0.634896,-0.0974027,0.935648,-0.297547,-5.64222,0.935648,-0.297547,-5.73218,13.318
-1.81651,0.176788,-0.200455,0.232409,-0.640727,-0.200455,0.232409,-0.468963,-2.52724
2.07323,-0.176796,-0.689367,0.881447,0.0192783,-0.689367,0.881447,-0.156914,3.75962
2.22897,-0.194171,0.745175,0.402131,-8.62581,0.745175,0.402131,-8.78041,21.0165
-1.24915,0.0549019,-0.91734,0.969868,-6.93502,-0.91734,0.969868,-6.87662,12.6559
1.18889,0.165586,0.46529,0.193349,-4.51575,0.46529,0.193349,-4.34415,5.3355
1.92569,0.15051,-0.655873,0.923989,-2.75069,-0.655873,0.923989,-2.59303,2.18557
1.5277,0.0334421,-0.840188,-0.45734,0.501287,-0.840188,-0.45734,0.534359,-1.72413
-0.903404,0.0720934,-0.490628,0.409659,2.42822,-0.490628,0.409659,2.49801,-6.39628
-1.47096,0.198262,-0.265354,-0.248404,3.00613,-0.265354,-0.248404,3.18382,-10.1074
0.10625,-0.114345,-0.787034,-0.343638,-6.65519,-0.787034,-0.343638,-6.75827,15.6668
-0.429277,-0.0932128,-0.0141451,-0.287943,-0.261439,-0.0141451,-0.287943,-0.352433,2.52799
1.3098,-0.0338557,-0.60026,0.634853,-1.57562,-0.60026,0.634853,-1.6093,3.88089
-1.83131,0.0877978,0.722571,-0.829247,-8.98875,0.722571,-0.829247,-8.89321,15.9975
2.29219,0.119606,0.544167,-0.248496,-6.17678,0.544167,-0.248496,-6.05158,9.67562
2.39462,-0.0166545,-0.751398,-0.417106,-1.87699,-0.751398,-0.417106,-1.89341,4.11305
1.09073,0.0817665,-0.957564,0.168916,-3.19991,-0.957564,0.168916,-3.11786,4.61242
1.13173,-0.104827,0.0305052,-0.0431018,5.76925,0.0305052,-0.0431018,5.66096,-9.20682
2.17793,0.0109195,-0.548156,-0.739052,-3.22342,-0.548156,-0.739052,-3.21237,6.21012
-2.1831,0.00490728,0.101235,-0.023393,-6.38427,0.101235,-0.023393,-6.37945,12.6625
-0.42727,0.069906,0.930506,-0.708283,-8.37977,0.930506,-0.708283,-8.30561,15.2002
-0.423993,-0.126739,-0.102608,0.256393,-5.57248,-0.102608,0.256393,-5.68681,13.7624
0.687462,0.104782,-0.276391,-0.380789,2.59741,-0.276391,-0.380789,2.69726,-7.41699
1.89774,-0.047218,0.240471,0.567788,-8.48193,0.240471,0.567788,-8.52704,17.9611
0.647589,-0.0061999,-0.790424,0.271689,9.92615,-0.790424,0.271689,9.92,-19.718
-0.367312,-0.154265,-0.413384,-0.262112,-2.36912,-0.413384,-0.262112,-2.51266,7.98033
1.5819,-0.16349,0.828136,-0.842181,-7.33693,0.828136,-0.842181,-7.48043,17.9548
-1.24513,0.121297,0.775312,-0.797713,1.70189,0.775312,-0.797713,1.82091,-5.98907
1.78986,0.0955207,-0.658543,0.538915,-5.71384,-0.658543,0.538915,-5.61422,9.30598
-0.739811,0.0259501,-0.612098,0.887375,0.835006,-0.612098,0.887375,0.861415,-2.23133
0.415436,0.0443982,0.471617,-0.672967,-8.83039,0.471617,-0.672967,-8.78415,16.6802
1.36184,-0.0251493,-0.875993,-0.793074,0.180502,-0.875993,-0.793074,0.15504,0.183395
2.22231,0.046316,0.59095,-0.888147,-9.02087,0.59095,-0.888147,-8.97175,17.0159
0.0375775,0.0484971,0.413848,0.0602543,4.52413,0.413848,0.0602543,4.57056,-10.0815
0.276126,-0.0237808,0.295573,-0.328152,-2.27312,0.295573,-0.328152,-2.29644,5.05812
-0.578115,0.112514,-0.35064,0.890249,-3.06942,-0.35064,0.890249,-2.95181,3.66341
1.76176,-0.112148,-0.162305,-0.171414,-7.7047,-0.162305,-0.171414,-7.80419,17.7061
-2.19769,-0.00691613,-0.901507,-0.0191532,9.40222,-0.901507,-0.0191532,9.39539,-18.6546
-1.4859,0.107653,0.174885,-0.38697,0.822578,0.174885,-0.38697,0.927105,-3.95155
-0.95794,0.0753754,0.959234,0.154247,-7.04862,0.959234,0.154247,-6.97092,12.4248
2.36687,0.172309,0.250903,-0.58892,-9.44774,0.250903,-0.58892,-9.25186,14.8657
-2.17408,0.126741,0.402768,0.971839,4.97588,0.402768,0.971839,5.09671,-12.5917
0.77763,-0.196116,-0.726027,-0.951742,-0.875892,-0.726027,-0.951742,-1.06816,5.91854
-1.77905,-0.156861,-0.834177,-0.0884707,-6.62216,-0.834177,-0.0884707,-6.7571,16.4133
1.40825,-0.188675,0.570553,0.807123,-1.03912,0.570553,0.807123,-1.22166,6.07983
1.20712,-0.0370874,0.674775,0.489409,8.07596,0.674775,0.489409,8.03806,-15.3376
1.23313,0.177733,0.225135,0.483981,2.59303,0.225135,0.483981,2.75719,-8.8963
-2.10144,-0.0540875,-0.165913,0.688877,-4.94638,-0.165913,0.688877,-4.99916,11.0444
-2.27469,-0.10483,-0.345333,-0.844863,-5.65176,-0.345333,-0.844863,-5.75129,13.4924
1.80101,0.0808481,-0.666688,0.500756,-1.35534,-0.666688,0.500756,-1.27453,0.956229
-1.2749,0.192749,0.0865673,0.0394062,-2.42834,0.0865673,0.0394062,-2.23568,0.630194
-0.218564,0.0828468,0.95595,-0.0240981,-0.340102,0.95595,-0.0240981,-0.25902,-1.10733
0.421309,-0.126921,-0.763503,0.338869,6.77755,-0.763503,0.338869,6.643,-10.6956
-1.2456,0.0806477,0.298637,0.117291,-9.78532,0.298637,0.117291,-9.7002,17.7568
-1.51146,-0.0342886,-0.0458434,0.490538,7.54655,-0.0458434,0.490538,7.51165,-14.3419
1.70929,-0.0988705,0.465308,-0.797929,-7.59782,0.465308,-0.797929,-7.68983,17.2412
0.326191,0.120765,-0.0945954,0.83104,9.39085,-0.0945954,0.83104,9.49855,-21.2224
-0.465226,0.0638849,0.468749,0.592279,-3.27782,0.468749,0.592279,-3.21289,5.16011
0.0870929,0.0287347,0.285127,-0.0910693,2.40673,0.285127,-0.0910693,2.43472,-5.43112
-0.161993,0.069089,0.107988,0.817097,-7.61556,0.107988,0.817097,-7.5421,13.6938
-1.34691,0.133091,-0.154856,0.941849,9.48555,-0.154856,0.941849,9.60355,-21.6408
-0.411021,0.0760349,0.61103,0.731046,8.63358,0.61103,0.731046,8.70489,-18.8498
-0.0571287,-0.0568011,-0.601324,-0.139274,0.871932,-0.601324,-0.139274,0.816012,-0.515555
2.17285,0.156366,0.292026,-0.788573,0.0935313,0.292026,-0.788573,0.248677,-3.5467
0.533378,-0.0736999,0.653537,-0.031534,1.77853,0.653537,-0.031534,1.70557,-1.95719
-2.02441,-0.0600402,-0.0990678,0.0395965,-4.43237,-0.0990678,0.0395965,-4.48952,10.1401
0.212641,0.178183,-0.64716,0.138486,-5.02852,-0.64716,0.138486,-4.84202,6.05323
0.275368,0.0660796,0.400986,0.500116,5.40896,0.400986,0.500116,5.47203,-12.2157
-1.53012,0.00412999,0.976811,0.680811,6.7405,0.976811,0.680811,6.74464,-13.5702
-1.76662,0.130584,-0.531173,-0.942339,8.1666,-0.531173,-0.942339,8.28498,-18.9837
0.904602,-0.0281177,-0.874355,0.94908,-0.332298,-0.874355,0.94908,-0.361105,1.27352
0.501276,-0.143064,0.887579,-0.449366,-6.66486,0.887579,-0.449366,-6.79094,16.2405
-1.85541,-0.0447832,0.246417,0.575618,7.28974,0.246417,0.575618,7.24367,-13.5945
0.278208,-0.0257214,0.359942,0.378339,8.9164,0.359942,0.378339,8.89041,-17.2703
-1.7862,0.161527,-0.987391,0.418272,-3.27311,-0.987391,0.418272,-3.10795,2.97958
1.93067,-0.0154905,0.0086659,-0.0963564,3.49424,0.0086659,-0.0963564,3.47896,-6.65317
2.31029,0.134748,0.380554,0.278624,1.44441,0.380554,0.278624,1.57269,-5.75264
0.308523,-0.105349,0.792765,-0.281567,2.17316,0.792765,-0.281567,2.06787,-2.0497
-0.679106,-0.15714,0.580651,0.911866,-4.08424,0.580651,0.911866,-4.23201,11.4302
-2.04575,-0.135215,-0.402069,0.681017,5.25662,-0.402069,0.681017,5.11317,-7.48815
-0.759006,0.0688238,0.330559,0.971974,6.44453,0.330559,0.971974,6.512,-14.3424
1.69628,-0.115429,0.212474,-0.95236,-5.50323,0.212474,-0.95236,-5.61324,13.4115
0.216821,-0.187207,-0.0683001,-0.233752,-3.68477,-0.0683001,-0.233752,-3.85132,11.2197
1.76099,0.130869,0.379183,-0.0333111,1.43394,0.379183,-0.0333111,1.55821,-5.65011
0.509738,-0.0557334,0.987941,-0.038673,-9.81347,0.987941,-0.038673,-9.86497,20.7922
-2.27477,-0.146556,-0.372938,0.325937,-3.5483,-0.372938,0.325937,-3.68294,10.1521
0.870911,-0.0996066,-0.608826,0.513278,4.09066,-0.608826,0.513278,3.98834,-5.98608
1.75562,0.0673404,0.601905,0.139796,-9.62813,0.601905,0.139796,-9.55787,17.7522
-1.8923,0.0645001,-0.575976,0.383384,-8.27745,-0.575976,0.383384,-8.21047,15.1222
-0.6619,-0.159435,-0.615898,0.0152567,4.5493,-0.615898,0.0152567,4.38447,-5.54286
2.19531,0.114528,-0.697271,-0.607928,4.49016,-0.697271,-0.607928,4.59764,-11.3772
-1.01818,-0.0370235,0.808761,-0.556876,-1.13515,0.808761,-0.556876,-1.17185,3.06833
1.72724,-0.0175477,0.239776,-0.202127,-7.03686,0.239776,-0.202127,-7.05389,14.4499
-1.62338,0.194592,0.948534,0.669163,1.43138,0.948534,0.669163,1.61578,-6.96441
0.784936,0.111131,0.142848,-0.486048,-2.94675,0.142848,-0.486048,-2.83383,3.45678
-0.026141,0.00419502,-0.407609,-0.244216,3.49633,-0.407609,-0.244216,3.50045,-7.08315
-0.937846,0.092765,0.563906,-0.612381,-2.5764,0.563906,-0.612381,-2.48205,3.12532
-1.50624,-0.0462586,0.744304,0.999492,7.17581,0.744304,0.999492,7.12666,-13.3308
-0.201586,0.106433,-0.185959,0.16947,7.29748,-0.185959,0.16947,7.39292,-16.7864
0.557287,-0.0115969,-0.980271,-0.237631,-1.93669,-0.980271,-0.237631,-1.94808,4.12342
0.357582,-0.180624,-0.991378,0.358283,7.53643,-0.991378,0.358283,7.33824,-10.9131
-1.05141,0.056691,0.111238,-0.706559,4.82234,0.111238,-0.706559,4.87768,-10.8514
-1.74213,-0.166875,0.920981,-0.185165,-0.582018,0.920981,-0.185165,-0.740941,4.72021
1.58179,-0.0693592,0.259086,-0.033835,5.65772,0.259086,-0.033835,5.58721,-9.78781
2.02359,-0.013981,0.0123693,-0.777916,0.156885,0.0123693,-0.777916,0.142746,-0.0111649
-1.20462,0.141681,0.0527237,-0.950835,7.60351,0.0527237,-0.950835,7.73161,-18.0788
-1.26722,-0.000316447,-0.511129,0.121269,-6.82377,-0.511129,0.121269,-6.82408,13.6544
1.3403,0.0947445,0.899501,0.648911,-2.92871,0.899501,0.648911,-2.83179,3.78207
-1.60084,0.138003,-0.436531,0.97277,-5.27275,-0.436531,0.97277,-5.12288,7.44932
-1.67969,-0.107198,-0.482507,0.689327,2.01687,-0.482507,0.689327,1.90778,-1.69447
-2.34413,-0.0964868,0.0246538,-0.815392,4.39716,0.0246538,-0.815392,4.2959,-6.66171
-2.36603,-0.0723347,0.744114,0.978072,-6.1312,0.744114,0.978072,-6.20213,13.7898
1.4462,-0.0331019,0.753996,-0.490907,5.08842,0.753996,-0.490907,5.05502,-9.45516
-0.210074,0.191846,-0.0858275,-0.712771,2.10503,-0.0858275,-0.712771,2.28518,-8.22748
-1.84439,0.106866,-0.916699,0.764949,8.30588,-0.916699,0.764949,8.40348,-18.8038
-1.11672,0.151131,0.112157,0.235037,-8.85162,0.112157,0.235037,-8.6855,14.2191
0.355047,-0.0695563,0.690001,-0.77607,-6.45224,0.690001,-0.77607,-6.5192,14.3705
0.489516,-0.0516656,-0.207855,-0.656172,4.32314,-0.207855,-0.656172,4.2703,-7.51597
-2.36837,0.154184,-0.192248,0.930759,5.88985,-0.192248,0.930759,6.03114,-14.9323
2.0643,-0.199711,0.72119,0.872385,-5.43814,0.72119,0.872385,-5.61434,14.8978
0.678888,0.0472137,0.724706,0.997078,-2.13291,0.724706,0.997078,-2.08385,3.23707
-1.82992,-0.0144193,-0.290374,-0.195901,-0.0680152,-0.290374,-0.195901,-0.0821845,0.447248
0.279257,0.0302714,0.903393,0.220863,1.43467,0.903393,0.220863,1.46428,-3.52106
0.815268,-0.199929,-0.0189593,0.937558,-0.471601,-0.0189593,0.937558,-0.668638,5.20717
-0.159372,-0.0348521,0.374003,-0.393384,-5.48516,0.374003,-0.393384,-5.51892,11.7148
2.11368,-0.0824634,-0.945367,-0.805411,2.21423,-0.945367,-0.805411,2.12958,-2.62859
1.65875,0.19968,0.604706,-0.276158,4.57649,0.604706,-0.276158,4.74928,-13.2016
-1.77807,0.101985,-0.160602,-0.534233,-6.75113,-0.160602,-0.534233,-6.64344,11.2204
1.14719,0.197377,0.424614,-0.250551,1.57977,0.424614,-0.250551,1.76225,-7.30351
-0.454336,0.151244,-0.724325,-0.0103557,-3.12888,-0.724325,-0.0103557,-2.97601,2.92796
-0.510286,0.0783611,0.218432,-0.140816,8.13553,0.218432,-0.140816,8.20714,-17.8998
1.93274,0.111415,-0.101172,-0.0403138,3.1682,-0.101172,-0.0403138,3.27256,-8.686
1.66882,-0.115881,0.561466,0.135763,-6.28136,0.561466,0.135763,-6.3856,14.954
2.27465,-0.058382,-0.362924,0.642849,8.7047,-0.362924,0.642849,8.64341,-16.1126
-0.475862,-0.107993,0.810486,-0.633819,-6.30686,0.810486,-0.633819,-6.40671,14.8535
-0.953462,0.0626076,0.174168,0.321777,-0.756047,0.174168,0.321777,-0.694194,0.158109
1.56244,-0.108256,-0.787982,0.676702,0.834502,-0.787982,0.676702,0.725809,0.676717
-0.577537,0.175373,-0.3361,0.301072,9.70881,-0.3361,0.301072,9.84816,-22.8174
-0.356636,0.0354035,0.643199,0.200141,9.70058,0.643199,0.200141,9.73413,-20.1505
-1.00416,0.0896258,-0.358553,0.872812,6.7834,-0.358553,0.872812,6.86876,-15.4385
-0.82002,0.109489,0.805221,-0.649119,-6.80197,0.805221,-0.649119,-6.68513,11.1463
1.20634,0.18258,-0.226502,-0.228012,-7.11544,-0.226502,-0.228012,-6.917,10.0417
-1.60072,0.175671,0.609623,-0.761344,9.69928,0.609623,-0.761344,9.84309,-22.8122
-0.148467,-0.167969,0.492484,-0.713073,-0.0141157,0.492484,-0.713073,-0.17956,3.63415
0.895932,-0.195098,-0.441422,-0.401208,3.12732,-0.441422,-0.401208,2.92818,-1.94166
2.1964,0.00337389,-0.181279,-0.424065,5.74035,-0.181279,-0.424065,5.74368,-11.5535
-1.54183,-0.154189,0.0959749,-0.811159,-3.09795,0.0959749,-0.811159,-3.24422,9.42469
1.38218,-0.0859834,-0.934626,-0.364909,-0.360426,-0.934626,-0.364909,-0.444605,2.57084
-0.500011,-0.0895094,-0.562025,-0.639944,-0.437004,-0.562025,-0.639944,-0.525755,2.80113
0.13806,0.150452,-0.320927,0.505556,2.39518,-0.320927,0.505556,2.53677,-7.95698
1.63319,-0.155349,0.0670212,-0.586997,-9.75624,0.0670212,-0.586997,-9.8852,22.568
0.39733,0.19344,0.375317,0.238844,-2.37892,0.375317,0.238844,-2.18523,0.517281
0.717366,-0.0314043,0.345817,0.341296,8.23571,0.345817,0.341296,8.20393,-15.7837
1.77949,0.16014,-0.856504,0.987032,4.61633,-0.856504,0.987032,4.7664,-12.5394
1.30336,0.0893631,0.125169,-0.598636,-3.35351,0.125169,-0.598636,-3.26212,4.74723
1.72827,-0.0746462,-0.395404,0.24853,-6.13348,-0.395404,0.24853,-6.20322,13.8351
1.02287,-0.175315,-0.771959,0.412274,-0.732297,-0.771959,0.412274,-0.899525,5.19357
-1.11472,0.0754513,0.683494,0.666359,-2.34879,0.683494,0.666359,-2.27209,3.0523
-0.625669,0.0627974,-0.438678,0.509612,-7.13108,-0.438678,0.509612,-7.06604,12.8729
1.51858,-0.0123619,0.845302,0.228952,-9.81665,0.845302,0.228952,-9.82866,19.8984
0.496656,0.0990532,-0.525267,-0.338088,0.298848,-0.525267,-0.338088,0.395563,-2.7275
-0.388482,-0.140461,0.173945,0.480867,5.77607,0.173945,0.480867,5.62743,-8.39722
0.248906,-0.103571,-0.901355,0.14652,-1.08935,-0.901355,0.14652,-1.18907,4.39384
2.22614,0.194734,0.544261,0.701972,4.77932,0.544261,0.701972,4.95179,-13.513
0.244418,-0.0382881,-0.894417,0.896074,-9.26961,-0.894417,0.896074,-9.30731,19.352
1.49986,-0.153202,-0.684126,0.524468,1.97578,-0.684126,0.524468,1.82149,-0.606222
2.27524,-0.154307,0.930829,-0.900159,-9.35591,0.930829,-0.900159,-9.48871,21.7674
0.800347,0.162976,0.9775,-0.766081,-2.52084,0.9775,-0.766081,-2.35282,1.45984
1.34945,0.0964187,0.591191,0.806979,9.43143,0.591191,0.806979,9.51975,-20.8399
-1.12098,0.170335,0.372527,-0.146651,1.95343,0.372527,-0.146651,2.11143,-7.48758
-2.26235,0.0782025,0.516633,0.679828,-2.88459,0.516633,0.679828,-2.80467,4.05943
-0.0161863,0.137717,0.196617,-0.0409951,9.10024,0.196617,-0.0409951,9.21628,-20.9515
-0.2052,-0.09037,-0.627998,-0.274432,1.81288,-0.627998,-0.274432,1.72297,-1.66123
0.782461,-0.118084,-0.628219,-0.667787,-1.51461,-0.628219,-0.667787,-1.62974,5.54822
-1.40055,0.0906858,0.762401,0.430637,-5.54572,0.762401,0.430637,-5.45193,9.08224
-0.771349,-0.0424376,0.987617,0.399295,-3.91241,0.987617,0.399295,-3.95361,8.73249
0.336533,-0.106899,-0.908592,0.0923092,5.63749,-0.908592,0.0923092,5.52708,-8.89771
-0.738329,0.0167604,-0.737316,-0.489079,3.40631,-0.737316,-0.489079,3.42286,-7.17358
-0.960192,-0.131663,0.00729544,0.354246,0.870235,0.00729544,0.354246,0.740462,1.10766
-0.981837,0.195639,0.48116,0.0968593,-2.18154,0.48116,0.0968593,-1.98688,0.0839656
-0.802493,-0.144541,0.62225,0.745953,-3.71019,0.62225,0.745953,-3.84605,10.4379
0.507279,0.0289451,0.604109,0.938896,-1.31932,0.604109,0.938896,-1.28955,2.0102
-1.84088,-0.187262,-0.361582,0.648014,-1.60705,-0.361582,0.648014,-1.78422,7.15869
-0.406793,-0.192381,-0.634197,-0.204408,-3.37742,-0.634197,-0.204408,-3.54895,10.7182
1.24518,0.137199,0.0653967,0.902918,0.745239,0.0653967,0.902918,0.882074,-4.43098
1.47914,0.165569,0.282083,-0.888737,-7.2155,0.282083,-0.888737,-7.03043,10.6349
-0.944079,-0.0569601,-0.589484,-0.176241,-3.39833,-0.589484,-0.176241,-3.45306,8.01187
1.80519,0.175701,-0.552285,-0.0210116,5.77819,-0.552285,-0.0210116,5.92891,-15.1048
-0.982997,-0.175358,-0.280281,-0.96779,-2.23067,-0.280281,-0.96779,-2.40006,8.14942
-1.9493,0.0799927,-0.843958,-0.131059,-9.0207,-0.843958,-0.131059,-8.93678,16.2486
2.19931,-0.156232,-0.424876,-0.936739,1.3032,-0.424876,-0.936739,1.14282,0.795021
-1.17206,-0.0738182,0.559753,0.189325,7.86339,0.559753,0.189325,7.78686,-14.0843
0.0050857,0.14897,0.813326,-0.455433,5.01156,0.813326,-0.455433,5.14575,-13.0895
2.35315,0.184161,0.925777,0.496583,0.0654098,0.925777,0.496583,0.243456,-4.07154
-0.284718,-0.00638115,0.253256,-0.352988,-8.57886,0.253256,-0.352988,-8.58513,17.2951
2.34192,-0.160179,-0.35522,-0.589481,0.435164,-0.35522,-0.589481,0.277226,2.58194
-1.24018,0.016056,0.146775,0.310537,4.79603,0.146775,0.310537,4.81173,-9.93723
-0.227145,-0.184641,0.38229,-0.646259,0.847812,0.38229,-0.646259,0.664694,2.29531
0.725072,0.0956299,-0.287407,0.555848,-0.197315,-0.287407,0.555848,-0.102504,-1.66933
-0.110327,-0.130614,-0.154524,-0.466298,-2.51757,-0.154524,-0.466298,-2.64119,7.79276
0.430859,0.189619,0.0332432,-0.288546,-2.72179,0.0332432,-0.288546,-2.53043,1.27207
1.32687,0.079195,-0.112031,0.797834,2.38676,-0.112031,0.797834,2.4651,-6.46693
-1.38121,-0.120041,0.0178447,-0.750416,-2.77145,0.0178447,-0.750416,-2.88731,8.08262
-1.20235,-0.168225,-0.602936,0.435998,-6.5838,-0.602936,0.435998,-6.72847,16.552
-1.96752,0.0577267,0.870413,0.242976,3.19726,0.870413,0.242976,3.25285,-7.62683
1.62909,-0.125034,0.112263,-0.68981,8.96934,0.112263,-0.68981,8.83125,-15.0778
1.43252,0.12327,0.454691,0.884521,6.34259,0.454691,0.884521,6.45734,-15.2291
1.57842,-0.104563,-0.922516,0.833805,0.483543,-0.922516,0.833805,0.377673,1.29656
0.522831,0.179431,-0.0242136,0.981723,-4.3388,-0.0242136,0.981723,-4.14473,4.6548
2.16295,-0.110418,-0.407945,-0.969922,0.895788,-0.407945,-0.969922,0.782213,0.607101
-1.48928,-0.192675,-0.650516,0.45608,-4.66849,-0.650516,0.45608,-4.83712,13.2522
-2.32274,0.142477,0.601947,0.991129,6.22488,0.601947,0.991129,6.35692,-15.371
-1.08788,0.0155429,-0.674784,-0.749443,-6.61897,-0.674784,-0.749443,-6.60313,12.8997
1.38364,0.0117031,-0.856814,0.650422,0.211708,-0.856814,0.650422,0.223432,-0.676444
-2.1341,0.0218098,0.271723,0.0729415,-7.32498,0.271723,0.0729415,-7.30324,14.1751
-0.513855,0.180895,-0.262769,-0.846374,-9.67973,-0.262769,-0.846374,-9.46903,15.0992
-2.23349,0.181552,-0.73798,-0.64417,-5.82784,-0.73798,-0.64417,-5.63152,7.53543
2.21134,0.0225787,0.00148804,0.243493,0.676832,0.00148804,0.243493,0.699006,-1.84061
0.439522,-0.0709177,-0.107068,-0.211123,-3.63177,-0.107068,-0.211123,-3.69941,8.77046
1.23462,0.175468,-0.242048,-0.0606972,-7.50758,-0.242048,-0.0606972,-7.31663,10.9835
1.779,-0.0979981,0.547198,0.392476,2.212,0.547198,0.392476,2.1137,-2.28747
-0.146895,-0.130095,-0.791783,0.444669,-6.85169,-0.791783,0.444669,-6.96743,16.3624
-1.44037,-0.186549,-0.655398,0.876556,4.71091,-0.655398,0.876556,4.50949,-5.2236
0.535138,-0.0561388,-0.643465,-0.997685,-9.07089,-0.643465,-0.997685,-9.12577,19.3236
0.961552,-0.0500785,-0.791266,0.765096,-2.98168,-0.791266,0.765096,-3.03143,7.03739
-2.17865,-0.0991253,-0.396734,-0.732757,6.59299,-0.396734,-0.732757,6.48738,-10.9694
-1.2995,-0.146909,0.3433,0.204171,-4.7834,0.3433,0.204171,-4.91523,12.5966
-1.55272,0.0874115,0.795509,-0.710052,4.61976,0.795509,-0.710052,4.70369,-11.0843
0.987648,-0.196646,0.709414,-0.186128,6.8551,0.709414,-0.186128,6.64144,-9.1935
1.39738,-0.16192,-0.943987,0.83153,4.65799,-0.943987,0.83153,4.48468,-5.68904
-1.78403,-0.0940026,0.7572,0.365253,8.68066,0.7572,0.365253,8.5808,-15.2442
1.10713,-0.139061,0.259244,0.89917,-4.60405,0.259244,0.89917,-4.73523,12.0986
0.906602,0.109204,-0.0586709,-0.486933,5.90844,-0.0586709,-0.486933,6.00888,-14.0845
2.37904,0.0662649,-0.357511,-0.376372,-7.47429,-0.357511,-0.376372,-7.40576,13.4798
2.17645,-0.188552,-0.581385,0.396129,1.51356,-0.581385,0.396129,1.32681,1.07092
0.148329,-0.0618531,-0.458391,-0.251737,6.21983,-0.458391,-0.251737,6.15676,-11.0772
1.75265,-0.121581,0.594603,-0.70953,-3.48687,0.594603,-0.70953,-3.60272,9.53181
-2.24672,0.0878666,-0.463707,-0.679217,6.54867,-0.463707,-0.679217,6.63134,-14.9332
-0.854318,0.00116296,0.789924,-0.92476,7.50722,0.789924,-0.92476,7.50841,-15.0396
1.18269,0.185751,-0.123023,0.738456,3.40314,-0.123023,0.738456,3.57405,-10.6486
1.69476,0.169195,0.938587,-0.602178,8.48571,0.938587,-0.602178,8.62713,-20.3117
-0.642936,0.0414771,-0.288687,0.476614,-9.09585,-0.288687,0.476614,-9.05318,17.2772
0.240928,0.144138,-0.951524,-0.0837236,6.06486,-0.951524,-0.0837236,6.19159,-15.073
-0.115289,0.0489062,0.256038,0.902228,-3.70976,0.256038,0.902228,-3.659,6.35009
-1.74754,-0.09675,-0.327286,0.792136,8.32959,-0.327286,0.792136,8.22457,-14.4769
-1.07346,-0.19567,-0.2706,0.838444,-7.93522,-0.2706,0.838444,-8.09854,19.7026
-1.18309,0.00276432,0.897345,-0.815169,-7.53141,0.897345,-0.815169,-7.5286,15.0029
1.13349,-0.0728683,0.491554,-0.475033,7.18308,0.491554,-0.475033,7.10726,-12.7484
-1.63577,0.12891,0.561233,0.0287799,9.60861,0.561233,0.0287799,9.71762,-21.7962
1.02086,-0.125646,-0.696806,0.560039,3.78868,-0.696806,0.560039,3.659,-4.80161
0.356988,0.0350754,-0.0541862,-0.525866,-4.83518,-0.0541862,-0.525866,-4.79973,8.90551
-1.67888,0.0772324,0.970649,0.649682,8.00179,0.970649,0.649682,8.07407,-17.6138
0.545885,-0.0251858,0.539736,-0.525961,-2.36278,0.539736,-0.525961,-2.38767,5.26792
-0.402782,0.156224,0.372476,-0.149719,-0.816525,0.372476,-0.149719,-0.663968,-1.7409
-0.931348,-0.129985,-0.439468,0.705282,7.11722,-0.439468,0.705282,6.97619,-11.2915
-1.88396,0.152852,-0.66443,-0.506932,4.90069,-0.66443,-0.506932,5.03859,-12.947
1.25937,0.158675,-0.24409,0.451173,-0.176781,-0.24409,0.451173,-0.0220574,-3.05659
1.94826,-0.0455955,0.0265719,-0.0658543,4.21743,0.0265719,-0.0658543,4.17188,-7.44082
-2.00413,0.178065,0.988872,0.400469,-3.32772,0.988872,0.400469,-3.14542,2.71616
0.89392,0.17547,-0.871755,0.142778,9.70059,-0.871755,0.142778,9.83941,-22.8017
-2.04772,-0.027807,0.201672,0.612901,-2.56531,0.201672,0.612901,-2.59289,5.72928
-1.71449,0.171372,0.293765,-0.587528,-1.05743,0.293765,-0.587528,-0.88706,-1.59774
-0.680939,0.0854497,0.029726,0.748122,6.21344,0.029726,0.748122,6.29466,-14.2179
-2.02757,-0.0331088,-0.523571,0.122521,-4.13617,-0.523571,0.122521,-4.1682,8.9813
-1.07113,-0.141248,0.772355,-0.744864,3.77253,0.772355,-0.744864,3.62471,-4.41514
1.84645,-0.114555,-0.723278,-0.781417,-3.98084,-0.723278,-0.781417,-4.09039,10.3698
-1.78999,0.136064,0.447154,0.263486,-1.26124,0.447154,0.263486,-1.12686,-0.428449
-0.164114,-0.125341,-0.430645,-0.808328,-3.76425,-0.430645,-0.808328,-3.88394,10.1597
0.952631,-0.127614,0.522942,-0.914575,-7.67151,0.522942,-0.914575,-7.78805,17.9464
0.955017,0.0692183,-0.909867,0.312465,-6.51782,-0.909867,0.312465,-6.44671,11.5056
1.17924,0.0582586,0.332249,-0.984439,4.79388,0.332249,-0.984439,4.85208,-10.8301
-1.50189,-0.119881,0.756275,0.674721,2.15361,0.756275,0.674721,2.0315,-1.6874
0.10771,0.170226,-0.975873,-0.078021,2.30622,-0.975873,-0.078021,2.46298,-8.1785
-2.00087,-0.191776,-0.921635,0.699932,-0.671021,-0.921635,0.699932,-0.856133,5.4205
1.2184,0.031241,-0.601994,0.925904,6.23869,-0.601994,0.925904,6.27004,-13.1468
1.11892,0.0562396,-0.665903,-0.679507,-3.67231,-0.665903,-0.679507,-3.61481,6.11535
-1.54027,-0.147058,-0.41704,-0.0967994,8.56899,-0.41704,-0.0967994,8.40867,-13.7609
-1.26116,-0.0678752,0.508044,-0.689361,-2.33615,0.508044,-0.689361,-2.40304,6.1257
-2.1571,0.00453691,-0.74202,-0.491382,5.42357,-0.74202,-0.491382,5.42807,-10.945
-1.10764,0.174573,-0.823665,0.0145531,-3.11165,-0.823665,0.0145531,-2.93499,2.37301
1.50836,-0.175879,-0.721688,0.057104,-5.54544,-0.721688,0.057104,-5.69703,14.6513
-0.221443,-0.0951536,-0.396334,0.428675,-2.7929,-0.396334,0.428675,-2.88395,7.6059
-1.93172,-0.175904,-0.252049,-0.367172,-6.66516,-0.252049,-0.367172,-6.8145,16.8521
2.34639,-0.107978,-0.0134191,0.88278,7.59852,-0.0134191,0.88278,7.48053,-12.7595
-1.19017,0.00174506,-0.680718,0.659201,6.66955,-0.680718,0.659201,6.6713,-13.3768
0.822268,0.181762,-0.833359,-0.123899,6.01125,-0.833359,-0.123899,6.16565,-15.6747
2.21965,0.191639,0.793294,0.865548,1.3585,0.793294,0.865548,1.54346,-6.7674
-0.0278669,0.198342,-0.113554,-0.360664,-2.34934,-0.113554,-0.360664,-2.1502,0.35009
-2.30531,-0.0110994,0.560232,0.532952,5.58384,0.560232,0.532952,5.57273,-10.927
-2.26046,-0.183891,0.650754,0.289056,2.67267,0.650754,0.289056,2.48723,-1.30294
-0.71205,-0.00665489,0.797782,0.112576,-8.94952,0.797782,0.112576,-8.95602,18.0422
2.09395,-0.0640968,-0.749531,0.704482,-0.236703,-0.749531,0.704482,-0.300875,1.85723
-0.411441,0.146812,0.795204,0.838275,9.14304,0.795204,0.838275,9.2703,-21.2113
-1.83204,-0.141451,0.0605728,0.382902,-6.29961,0.0605728,0.382902,-6.42479,15.4873
0.413757,0.0286536,-0.150937,-0.682813,3.77491,-0.150937,-0.682813,3.80336,-8.1657
-0.983047,-0.164301,-0.214833,0.798166,-4.46271,-0.214833,0.798166,-4.61387,12.3126
-1.15495,0.051262,-0.49185,-0.0454874,1.96139,-0.49185,-0.0454874,2.01107,-5.02217
1.9142,0.192484,0.648495,-0.107267,0.692321,0.648495,-0.107267,0.873431,-5.46785
2.23391,-0.117819,0.346586,-0.670302,-5.86807,0.346586,-0.670302,-5.97696,14.1773
-1.95503,-0.157377,0.534101,-0.701637,-5.63257,0.534101,-0.701637,-5.77409,14.4805
-0.782419,0.0739225,0.534881,0.921764,3.88592,0.534881,0.921764,3.95916,-9.34572
-0.342587,-0.0510524,-0.270708,0.61603,5.20863,-0.270708,0.61603,5.15632,-9.29799
-0.0126091,0.116729,-0.416653,0.733539,3.02701,-0.416653,0.733539,3.13936,-8.52101
0.556415,0.15553,0.381666,-0.63435,-9.09762,0.381666,-0.63435,-8.92296,14.5913
-1.34247,0.17606,0.17582,0.940061,3.49029,0.17582,0.940061,3.65598,-10.6354
1.61341,-0.0273279,-0.123999,0.725227,7.69942,-0.123999,0.725227,7.67133,-14.8008
-0.512663,0.164203,-0.645183,0.168736,-1.57018,-0.645183,0.168736,-1.40798,-0.429132
-2.24174,0.129435,-0.688439,-0.983039,8.55066,-0.688439,-0.983039,8.66802,-19.7235
0.0659758,-0.118157,0.416547,-0.718803,-7.87567,0.416547,-0.718803,-7.98246,18.1665
-0.31309,0.0307104,0.689676,-0.777025,9.00709,0.689676,-0.777025,9.03727,-18.6685
-1.26542,0.18327,-0.236114,0.50888,-1.9103,-0.236114,0.50888,-1.72642,-0.180644
1.15086,-0.0586218,-0.237072,-0.347453,5.10695,-0.237072,-0.347453,5.04749,-8.92814
2.12165,0.0140933,-0.64042,-0.543738,-4.27649,-0.64042,-0.543738,-4.26238,8.24741
0.322996,-0.0436538,0.498077,-0.945202,-5.7521,0.498077,-0.945202,-5.79571,12.4366
-1.55992,0.0113576,-0.00242766,-0.464823,7.4362,-0.00242766,-0.464823,7.44736,-15.1166
2.17699,0.108851,-0.201218,-0.182874,-1.14313,-0.201218,-0.182874,-1.03578,-0.0721432
-1.29309,-0.137634,0.705642,0.806963,-1.76044,0.705642,0.806963,-1.89466,6.44535
1.59436,-0.147952,0.448551,-0.110604,-0.547801,0.448551,-0.110604,-0.689425,4.25602
0.667578,-0.0171649,-0.152383,-0.276084,-9.9493,-0.152383,-0.276084,-9.96591,20.2656
0.91624,-0.132487,-0.789566,0.619662,-8.04686,-0.789566,0.619662,-8.1636,18.7759
0.460658,0.179787,-0.897323,0.316194,-6.45271,-0.897323,0.316194,-6.25921,8.8082
-0.0765494,-0.125435,-0.550488,-0.31552,-2.11672,-0.550488,-0.31552,-2.23561,6.89068
1.71298,0.13539,-0.323847,0.919472,-0.94162,-0.323847,0.919472,-0.803251,-1.05644
1.48288,-0.054215,-0.358491,-0.827194,5.48374,-0.358491,-0.827194,5.42721,-9.77529
0.224735,0.139215,0.529451,-0.911155,-9.11522,0.529451,-0.911155,-8.9574,15.0189
1.19586,-0.17851,0.459254,-0.72488,3.17172,0.459254,-0.72488,2.98622,-2.39373
-0.532092,0.148606,-0.412974,-0.0521572,-3.29031,-0.412974,-0.0521572,-3.13976,3.30538
-1.7518,0.140433,-0.415446,0.726317,8.88682,-0.415446,0.726317,9.00882,-20.5865
0.0163169,0.0493536,0.412332,-0.0349391,-6.22767,0.412332,-0.0349391,-6.17782,11.3727
0.856643,-0.0217813,0.559334,0.521008,3.42011,0.559334,0.521008,3.39829,-6.36766
2.15247,-0.117287,0.295544,0.252906,-4.37775,0.295544,0.252906,-4.48599,11.2062
2.19045,-0.110523,-0.944255,-0.276226,-4.33584,-0.944255,-0.276226,-4.4384,10.9867
-2.17639,0.0773289,0.164038,0.778438,-3.34828,0.164038,0.778438,-3.26843,5.00164
-1.86418,0.169345,-0.559685,0.360328,-5.51267,-0.559685,0.360328,-5.33346,7.20763
0.709499,0.0715669,-0.17284,-0.659388,6.65504,-0.17284,-0.659388,6.72312,-14.8148
1.44365,-0.0869306,-0.580409,-0.262761,8.06304,-0.580409,-0.262761,7.97189,-14.1801
0.487518,-0.0270722,0.0604936,-0.0232542,9.51943,0.0604936,-0.0232542,9.49219,-18.4463
-2.17091,-0.188716,0.385846,0.0345361,-6.21005,0.385846,0.0345361,-6.36842,16.1914
0.440072,-0.196471,-0.185189,0.607638,-5.83713,-0.185189,0.607638,-6.00566,15.6102
-0.888525,-0.0925712,-0.710678,-0.338771,-7.37033,-0.710678,-0.338771,-7.45479,16.6594
-1.40561,-0.108698,-0.883836,-0.80662,-5.32874,-0.883836,-0.80662,-5.43167,12.9277
-1.09771,-0.00894995,0.577406,-0.668506,-9.27939,0.577406,-0.668506,-9.2883,18.7515
-0.686348,0.177621,0.704117,-0.238219,-8.65762,0.704117,-0.238219,-8.4601,13.1874
0.183382,-0.0370649,0.707902,-0.0723814,4.45468,0.707902,-0.0723814,4.41774,-8.10236
1.63781,0.0611324,-0.418768,-0.191447,8.73422,-0.418768,-0.191447,8.79087,-18.7476
-2.27164,0.0461058,-0.492032,0.960507,-6.19711,-0.492032,0.960507,-6.14851,11.3797
0.683401,0.0663868,0.45217,-0.0654963,4.18365,0.45217,-0.0654963,4.24673,-9.7763
-1.01478,0.0741011,0.564594,0.428098,6.75375,0.564594,0.428098,6.82312,-15.0613
-1.0461,-0.051096,-0.652919,0.619487,6.65898,-0.652919,0.619487,6.60624,-12.1932
