theta,theta_dot,torque,label1,label2
4.73927,-3.73995,-0.339694,-3.73995,-10.1087
3.4608,1.52475,0.650972,1.52475,-2.44284
4.00267,1.66947,0.116265,1.66947,-7.34176
4.02572,-0.280081,-0.0681619,-0.280081,-7.65204
0.629155,-0.824089,-0.64252,-0.824089,5.13853
5.16013,2.19217,0.875631,2.19217,-7.9893
3.5112,-0.00183695,0.192404,-0.00183695,-3.35141
3.27612,0.491521,-0.341955,0.491521,-1.66265
0.332875,-1.06067,-0.355411,-1.06067,2.86073
3.05206,-2.00837,-0.61691,-2.00837,0.280337
3.902,2.00239,-0.490454,2.00239,-7.27167
2.7078,0.548684,0.262711,0.548684,4.38052
2.8587,1.93702,0.591177,1.93702,3.31014
3.3976,2.90471,-0.422505,2.90471,-2.93559
5.09757,3.04574,-0.220873,3.04574,-9.34254
3.67133,-4.07061,-0.895085,-4.07061,-5.81147
5.02417,-2.60337,0.409885,-2.60337,-8.90113
0.263078,2.96271,-0.343802,2.96271,2.1777
4.60899,4.80901,-0.914289,4.80901,-10.72
5.00223,2.07639,-0.369073,2.07639,-9.79066
0.757257,-3.06777,-0.646237,-3.06777,6.12323
1.09086,1.42939,0.478913,1.42939,9.16635
4.90413,4.56496,0.0844105,4.56496,-9.59145
1.86592,1.76207,-0.6077,1.76207,8.76056
0.460038,-2.07027,0.680206,-2.07027,5.05638
4.91997,0.27475,0.57085,0.27475,-9.03129
4.48418,0.54874,-0.977628,0.54874,-10.5388
6.03226,-2.44628,-0.40659,-2.44628,-2.81792
0.528109,-4.34713,0.478257,-4.34713,5.46499
0.882915,-1.30464,-0.350026,-1.30464,7.24216
3.66934,-3.75738,-0.48799,-3.75738,-5.39059
1.10354,4.03759,-0.171218,4.03759,8.54687
2.06283,2.75929,0.33097,2.75929,8.94963
6.01355,-0.923529,-0.0277461,-0.923529,-2.63174
4.60505,-4.93161,0.856052,-4.93161,-8.84817
5.79315,0.0559889,-0.919928,0.0559889,-5.53766
0.830725,3.43167,-0.55328,3.43167,6.65631
2.75494,-4.69168,-0.0171264,-4.69168,3.72906
5.11969,-1.2524,-0.950745,-1.2524,-9.94569
0.0286846,0.369124,0.348117,0.369124,0.625784
5.41903,-3.99759,0.877857,-3.99759,-6.5431
1.0158,2.63478,-0.450598,2.63478,7.86057
4.91028,-3.86348,0.980346,-3.86348,-8.59955
3.33566,0.0584166,0.230646,0.0584166,-1.66181
2.51558,-0.381185,-0.266188,-0.381185,5.4855
0.739802,3.17733,-0.0231189,3.17733,6.55844
1.60191,3.6082,0.843027,3.6082,10.6122
1.54681,3.69823,0.709607,3.69823,10.4798
0.382384,1.07002,0.757224,1.07002,4.40696
0.519721,2.2737,0.0697578,2.2737,4.91904
4.35805,0.705056,-0.468101,0.705056,-9.6757
1.04957,-1.92121,-0.187416,-1.92121,8.3391
1.77071,0.549823,-0.133055,0.549823,9.47608
1.37517,0.358759,-0.691172,0.358759,8.92813
3.6218,-1.18793,0.394349,-1.18793,-4.12562
2.94804,3.19366,0.621936,3.19366,2.47691
0.877628,-2.22402,0.951558,-2.22402,8.5199
4.03343,-0.731232,-0.57089,-0.731232,-8.19801
2.95782,-0.68182,0.453328,-0.68182,2.25281
4.10289,4.64366,0.825462,4.64366,-7.26455
3.09759,3.75452,0.00520323,3.75452,0.399179
6.12604,4.58343,-0.666061,4.58343,-2.24715
0.243961,-3.84327,0.363708,-3.84327,2.77173
3.80043,3.13597,0.606863,3.13597,-5.43013
2.11651,4.62139,0.109398,4.62139,8.44833
0.292066,-4.38427,0.0208602,-4.38427,2.88931
2.65115,2.82792,-0.0132581,2.82792,4.57916
2.97301,-3.83296,-0.113608,-3.83296,1.57066
1.95267,-0.759982,0.868024,-0.759982,9.97899
3.99248,3.15991,-0.474715,3.15991,-7.8821
6.19393,2.39608,0.106422,2.39608,-0.791954
0.562383,2.80824,0.463476,2.80824,5.66612
0.0792857,-1.91856,0.368909,-1.91856,1.16507
0.570931,3.61865,0.501216,3.61865,5.7665
5.90683,1.89236,0.451369,1.89236,-3.17306
5.59752,-4.8919,0.490506,-4.8919,-5.67219
0.746858,-0.740831,-0.800386,-0.740831,5.87131
5.42675,3.68174,-0.485472,3.68174,-7.93386
3.8663,0.0191351,0.950828,0.0191351,-5.55254
1.09916,-4.59135,-0.090255,-4.59135,8.69465
4.35113,-1.8861,-0.909364,-1.8861,-10.0673
5.9604,3.81858,-0.117306,3.81858,-3.26728
1.33751,-4.27552,-0.994579,-4.27552,8.59244
0.687051,3.5187,0.22101,3.5187,6.40791
1.84431,-2.86649,0.128572,-2.86649,9.60256
4.81504,2.61277,-0.835567,2.61277,-10.6201
5.00624,4.92589,-0.587367,4.92589,-10.0261
3.38354,-2.08668,-0.225064,-2.08668,-2.55457
4.00549,-3.32899,0.647931,-3.32899,-6.77813
0.380892,-3.35322,-0.238918,-3.35322,3.44147
5.10225,1.26137,0.699193,1.26137,-8.38728
4.75747,1.32904,-0.691761,1.32904,-10.5051
4.7816,4.72967,-0.254853,4.72967,-10.0887
0.313905,1.07884,-0.126603,1.07884,2.89169
3.25923,4.5556,-0.686703,4.5556,-1.88361
1.83735,-0.598151,-0.258073,-0.598151,9.21147
3.74613,-3.48952,-0.446923,-3.48952,-5.98788
3.72051,4.01104,-0.363114,4.01104,-5.77043
3.36158,-3.37265,0.86198,-3.37265,-1.245
0.171332,4.81119,0.827735,4.81119,2.45218
5.08427,-0.712563,0.0249459,-0.712563,-9.10738
1.24623,3.76604,-0.731534,3.76604,8.52862
2.67659,1.02232,-0.989393,1.02232,3.39943
1.90346,-4.54484,0.811332,-4.54484,10.1289
1.93165,2.08012,0.26818,2.08012,9.42557
3.16401,1.16573,0.352042,1.16573,0.120492
3.3174,-4.76676,0.237462,-4.76676,-1.43065
1.86529,1.43925,0.85412,1.43925,10.2274
1.06077,3.13221,0.245771,3.13221,8.77597
5.67673,-1.86999,0.462956,-1.86999,-5.10965
3.53817,2.64351,-0.480804,2.64351,-4.29651
0.672082,3.53144,0.643344,3.53144,6.71589
2.92393,-0.798299,-0.943497,-0.798299,1.18294
1.89003,2.12774,0.514182,2.12774,9.80728
1.01154,-2.84221,-0.536672,-2.84221,7.8072
4.12053,-4.10306,0.436952,-4.10306,-7.6634
1.06333,-4.69155,-0.970223,-4.69155,7.65044
1.80688,-0.824204,0.320178,-0.824204,9.86629
4.58373,0.757989,0.341573,0.757989,-9.39493
0.565642,-0.371101,-0.763767,-0.371101,4.49769
4.88525,3.11403,-0.959844,3.11403,-10.6548
6.22621,3.63669,0.667195,3.63669,0.0722308
4.57573,3.26059,-0.179259,3.26059,-9.93041
0.0674444,-0.477316,0.317925,-0.477316,0.983826
0.871155,0.754368,0.558453,0.754368,8.05628
2.39412,-4.14513,-0.939218,-4.14513,5.77093
1.59462,0.189512,0.704093,0.189512,10.5094
3.06538,3.70229,-0.6337,3.70229,0.0762405
5.58614,3.11304,0.338482,3.11304,-5.99021
2.58545,-2.14179,-0.841121,-2.14179,4.35912
1.87667,1.85971,0.0930307,1.85971,9.42911
1.18598,-1.96496,-0.93519,-1.96496,8.17701
2.47517,-1.05126,0.486124,-1.05126,6.56098
1.67312,-2.37075,0.638754,-2.37075,10.4212
6.2062,-1.00709,-0.941739,-1.00709,-1.68612
1.53584,-3.80761,0.827098,-3.80761,10.6692
3.05434,0.552444,0.282941,0.552444,1.13227
6.20329,-2.23903,0.856422,-2.23903,0.0958396
5.18147,-1.59529,-0.407654,-1.59529,-9.14209
1.64574,-0.212864,-0.532546,-0.212864,9.25204
1.60282,3.50202,0.109188,3.50202,9.87914
0.802837,1.50663,-0.0127536,1.50663,7.0288
6.06347,4.67901,-0.948212,4.67901,-3.13312
1.5092,1.18448,0.411213,1.18448,10.1908
5.83265,-4.54663,-0.505466,-4.54663,-4.73171
4.94406,-1.42556,-0.336324,-1.42556,-9.87
5.74057,2.68617,0.670747,2.68617,-4.42182
4.83663,0.227079,0.763841,0.227079,-8.97281
3.15246,0.772475,-0.544028,0.772475,-0.658407
0.96584,-3.93075,-0.801389,-3.93075,7.30691
2.68279,1.77455,0.260638,1.77455,4.5875
2.87227,-1.98645,-0.872379,-1.98645,1.75772
2.67845,-2.24264,0.670826,-2.24264,5.07596
4.91826,4.50018,0.155525,4.50018,-9.49232
6.18404,-0.281362,-0.287387,-0.281362,-1.25558
5.6213,-2.45864,-0.463133,-2.45864,-6.46783
1.14521,-1.8915,-0.437382,-1.8915,8.51644
0.484498,0.920889,-0.575271,0.920889,3.98467
4.54679,0.960452,0.893813,0.960452,-8.79159
2.44295,-0.35016,0.11613,-0.35016,6.4292
0.623685,-0.156103,-0.369346,-0.156103,5.36156
3.19131,3.68433,0.640278,3.68433,0.115929
1.72161,-0.547167,-0.3905,-0.547167,9.31362
3.68903,0.64131,0.727119,0.64131,-4.38541
5.44818,-4.29141,0.791789,-4.29141,-6.43745
2.39369,4.82337,-0.258072,4.82337,6.36552
1.28646,0.077805,-0.919837,0.077805,8.4955
3.34329,4.41293,-0.144526,4.41293,-2.15396
2.49501,-3.93129,-0.339562,-3.93129,5.6099
3.9077,2.5586,-0.317622,2.5586,-7.14483
4.54672,4.3417,-0.918691,4.3417,-10.6378
5.28616,-4.88541,-0.493873,-4.88541,-8.68406
6.22279,-2.84853,0.0875689,-2.84853,-0.476087
2.56423,-2.28563,-0.775907,-2.28563,4.60137
1.10304,-4.39268,0.979312,-4.39268,9.77946
1.48661,1.19226,0.200102,1.19226,9.96344
2.61697,-3.26886,-0.7184,-3.26886,4.22801
5.94588,-4.06317,0.335678,-4.06317,-2.87027
4.08689,-3.16566,-0.58901,-3.16566,-8.51002
1.81956,3.70416,-0.855445,3.70416,8.61555
3.48863,1.05967,0.751535,1.05967,-2.59555
2.31028,-0.0047688,0.885268,-0.0047688,8.1331
4.06576,-3.02519,-0.17777,-3.02519,-7.97708
2.23049,-4.59243,0.105816,-4.59243,7.90343
0.964745,-1.90546,-0.367481,-1.90546,7.71445
1.38375,1.49485,-0.913011,1.49485,8.71093
6.21187,2.69392,0.673289,2.69392,-0.0526322
1.4568,4.94461,-0.514822,4.94461,9.18206
3.41319,1.35124,0.872603,1.35124,-1.77261
2.93022,4.67826,-0.859733,4.67826,1.15165
6.18129,3.08576,0.922596,3.08576,-0.106129
3.00024,4.42214,-0.693634,4.42214,0.644181
0.773241,2.3586,0.184401,2.3586,7.01269
1.78462,1.02688,-0.0170972,1.02688,9.55923
2.85872,4.92967,0.885532,4.92967,3.57439
4.18628,2.0735,0.418244,2.0735,-8.08588
4.46641,0.271243,-0.0274703,0.271243,-9.54489
3.45323,-0.251074,-0.274552,-0.251074,-3.27996
3.26955,3.25873,0.123748,3.25873,-1.16068
0.4845,0.00825816,-0.545257,0.00825816,4.02382
1.23592,-2.05583,0.648502,-2.05583,9.93412
2.22681,4.37426,-0.951069,4.37426,6.77894
2.64409,2.28408,0.471193,2.28408,5.12999
4.12014,1.79908,0.915586,1.79908,-7.24161
1.22776,-2.74819,0.634252,-2.74819,9.90019
0.481385,2.43325,-0.275122,2.43325,4.24265
0.32289,1.15535,-0.120924,1.15535,2.98032
2.82483,-2.38511,-0.483594,-2.38511,2.59595
1.70638,-2.43914,-0.501311,-2.43914,9.24305
1.62798,-4.59609,-0.493191,-4.59609,9.34673
3.38595,2.68864,0.509368,2.68864,-1.89084
2.74437,4.50009,0.664099,4.50009,4.41421
2.52884,-0.836951,-0.0578561,-0.836951,5.59249
6.26494,-3.98862,-0.654053,-3.98862,-0.793183
4.58451,0.405047,-0.0489495,0.405047,-9.7829
5.15971,-4.71172,-0.980216,-4.71172,-9.77789
4.76501,-3.29123,-0.830908,-3.29123,-10.5944
5.34572,-2.703,0.219268,-2.703,-7.66116
4.7036,3.65684,-0.289729,3.65684,-10.1359
5.76124,2.79242,0.337431,2.79242,-4.58147
3.12072,-4.8844,0.965355,-4.8844,1.21894
2.45397,0.931802,0.315843,0.931802,6.53295
1.42046,2.05091,0.742891,2.05091,10.4217
0.191753,4.27241,-0.335124,4.27241,1.49174
2.85896,3.69815,-0.399393,3.69815,2.29948
3.70312,-4.48554,-0.435972,-4.48554,-5.61471
5.84105,1.19704,0.0586061,1.19704,-4.15076
2.56645,-1.95669,0.0261637,-1.95669,5.3819
3.47193,0.941472,0.370872,0.941472,-2.82056
3.48996,4.75812,0.929718,4.75812,-2.46663
2.59511,-3.19977,0.669128,-3.19977,5.7992
5.33357,4.07506,-0.708157,4.07506,-8.72632
0.716791,3.74611,-0.739718,3.74611,5.66768
0.276311,-0.115332,-0.521553,-0.115332,2.15585
3.67554,-3.08464,-0.787021,-3.08464,-5.74884
4.32944,-2.40081,-0.905809,-2.40081,-9.98123
3.7023,3.55404,-0.337163,3.55404,-5.58952
1.68874,4.42868,0.896705,4.42868,10.5943
5.8702,2.07444,0.453409,2.07444,-3.50451
4.24659,0.396057,-0.0354833,0.396057,-8.80429
3.82463,3.72434,0.21408,3.72434,-6.01475
0.386667,-0.677773,-0.806535,-0.677773,2.89963
0.0448884,2.86591,0.508423,2.86591,0.919971
3.51314,-0.0956299,-0.933323,-0.0956299,-4.49395
3.48093,1.89218,-0.30357,1.89218,-3.58786
5.38349,3.56322,-0.398873,3.56322,-8.11706
3.17098,4.26986,-0.279654,4.26986,-0.610623
2.96271,2.44342,0.874039,2.44342,2.59506
3.86369,0.271802,-0.0123877,0.271802,-6.49911
2.41016,-2.61677,-0.405712,-2.61677,6.17295
1.0531,-1.86732,-0.0828614,-1.86732,8.46032
0.216159,-1.2714,-0.628775,-1.2714,1.48799
4.05559,-4.60959,0.184745,-4.60959,-7.53817
5.77706,-3.79847,-0.679704,-3.79847,-5.39756
3.36183,-3.96637,0.985003,-3.96637,-1.11845
2.28737,-1.35317,0.905205,-1.35317,8.31608
1.85996,2.44537,-0.737694,2.44537,8.64056
2.34568,2.30015,0.791651,2.30015,7.77789
5.24961,4.12452,-0.9472,4.12452,-9.41655
1.17648,3.26208,-0.750059,3.26208,8.27449
2.39309,-3.55873,-0.0709506,-3.55873,6.64074
1.17094,1.87507,-0.283545,1.87507,8.73388
0.875875,-4.06294,0.9448,-4.06294,8.52053
0.00123266,2.12902,-0.752556,2.12902,-0.761754
2.38053,-3.06368,0.0351061,-3.06368,6.83158
4.19774,3.05427,0.287034,3.05427,-8.28277
4.34344,-3.91175,-0.668519,-3.91175,-9.77927
0.181453,-3.96112,-0.804747,-3.96112,1.00516
3.25524,-3.95271,-0.189938,-3.95271,-1.26291
4.56055,3.46589,0.39449,3.46589,-9.3373
3.32377,-0.495711,-0.742924,-0.495711,-2.51521
5.50569,3.94752,0.410147,3.94752,-6.51102
2.54393,-3.26746,-0.558876,-3.26746,4.99396
1.7343,4.44419,-0.326072,4.44419,9.30865
1.24568,1.45406,0.91413,1.45406,10.1957
1.32388,1.85069,-0.357582,1.85069,9.13638
0.137518,-2.81308,-0.0379856,-2.81308,1.33495
4.45596,4.47473,-0.715191,4.47473,-10.2492
5.61647,-0.230875,-0.451501,-0.230875,-6.51578
1.47305,2.88417,0.520545,2.88417,10.2549
2.25917,-1.74411,-0.844964,-1.74411,6.74858
3.8116,2.25129,0.998651,2.25129,-5.11579
4.11382,1.725,0.546931,1.725,-7.5748
5.72241,1.25023,0.341498,1.25023,-4.88837
5.03819,2.431,-0.858523,2.431,-10.1768
2.79588,4.68535,-0.750173,4.68535,2.52729
3.24173,0.443628,-0.690625,0.443628,-1.67577
1.30351,3.50186,-0.374245,3.50186,9.05238
3.29545,-1.12608,0.952714,-1.12608,-0.539385
0.941983,-2.86995,-0.692944,-2.86995,7.26936
1.43203,-1.28061,0.415887,-1.28061,10.1444
2.49756,-3.49913,-0.357318,-3.49913,5.56781
4.7332,-4.86801,0.908718,-4.86801,-8.85048
5.9136,4.84671,-0.710108,4.84671,-4.30224
3.87568,-1.3445,-0.641747,-1.3445,-7.20014
5.51789,-0.0866934,-0.116094,-0.0866934,-6.91109
1.56081,3.52804,0.639227,3.52804,10.4135
1.77565,2.1309,0.704986,2.1309,10.2886
4.34909,-3.66548,-0.83204,-3.66548,-9.96507
1.76059,-4.56247,-0.343986,-4.56247,9.33548
0.701147,-4.60853,0.752376,-4.60853,7.12684
1.49227,1.43528,0.767633,1.43528,10.5331
2.69571,0.867485,0.809991,0.867485,5.03196
1.85525,-2.10363,0.942043,-2.10363,10.3789
3.03865,-1.25186,0.385802,-1.25186,1.40639
4.30637,-4.17255,-0.0578816,-4.17255,-9.0286
5.62336,-3.67321,0.707361,-3.67321,-5.26921
0.561046,0.590168,0.494996,0.590168,5.70872
5.63109,-2.52409,0.536544,-2.52409,-5.39142
2.71112,1.15347,0.929308,1.15347,5.01148
4.85455,-2.95039,-0.255339,-2.95039,-9.93688
5.51147,-3.96185,-0.0611742,-3.96185,-6.8627
4.84689,-3.8825,0.217403,-3.8825,-9.46517
0.079718,-3.18268,-0.235365,-3.18268,0.577668
1.86678,-0.266495,-0.473768,-0.266495,8.91232
2.7872,-4.82948,-0.186142,-4.82948,3.2664
1.25792,-2.21294,0.660357,-2.21294,10.0162
4.33973,-1.87689,-0.199287,-1.87689,-9.31719
2.98394,0.637821,0.819553,0.637821,2.35337
5.45883,-4.4433,-0.1621,-4.4433,-7.31928
1.84986,-2.55629,-0.222344,-2.55629,9.23371
6.26876,-0.47206,0.643009,-0.47206,0.50625
0.82008,3.69333,-0.412809,3.69333,6.72333
3.74079,0.966187,-0.910315,0.966187,-6.45259
1.93014,-0.892348,0.193372,-0.892348,9.38571
3.84972,1.32316,0.39588,1.32316,-5.99788
5.92703,4.81686,-0.480721,4.81686,-3.94937
3.31845,1.31127,0.589846,1.31127,-1.14916
5.38015,-4.25717,0.518946,-4.25717,-7.14136
2.91084,-4.96447,-0.870382,-4.96447,1.42291
2.8842,-1.50201,-0.139671,-1.50201,2.37259
3.19034,4.10491,0.0480941,4.10491,-0.470948
0.181826,-0.253534,-0.557236,-0.253534,1.2192
4.75728,0.0180642,0.634917,0.0180642,-9.16538
2.97274,-2.13927,-0.920256,-2.13927,0.749724
3.60265,1.26745,0.295411,1.26745,-4.08173
4.25174,3.76925,0.850698,3.76925,-7.97445
5.01861,-1.41704,-0.885084,-1.41704,-10.2245
3.25962,1.91398,-0.985544,1.91398,-2.15988
1.76435,-0.785813,0.075699,-0.785813,9.71037
5.39912,0.00619855,0.249125,0.00619855,-7.33721
0.399495,1.89392,0.488134,1.89392,4.28482
0.709077,1.84626,-0.0317766,1.84626,6.33738
1.74352,3.74133,-0.264345,3.74133,9.36227
4.38988,0.856471,-0.882341,0.856471,-10.1951
2.65971,-4.00084,-0.593316,-4.00084,3.99312
4.32015,-1.54492,-0.673743,-1.54492,-9.72329
1.93122,4.1728,0.894976,4.1728,10.0329
4.34127,1.06842,0.851747,1.06842,-8.30109
4.70028,1.62345,0.0685958,1.62345,-9.75692
0.986406,-4.42415,0.138745,-4.42415,8.365
4.50242,1.9829,-0.92517,1.9829,-10.5395
2.194,3.6366,0.843279,3.6366,8.77275
5.06191,-2.78244,-0.154587,-2.78244,-9.34361
1.02358,-0.647892,0.703523,-0.647892,9.08751
5.10943,-0.649236,-0.410694,-0.649236,-9.45106
1.11067,-4.79406,-0.491136,-4.79406,8.34652
4.60952,0.772532,-0.839813,0.772532,-10.6057
3.04627,-3.1874,0.392644,-3.1874,1.35822
0.219976,-2.20189,0.339625,-2.20189,2.50224
5.61583,-3.763,0.333544,-3.763,-5.70032
4.53348,2.78393,0.0345211,2.78393,-9.64673
5.99114,2.90692,-0.463535,2.90692,-3.31699
5.33544,-2.6803,0.388343,-2.6803,-7.55158
6.24867,0.270028,-0.831725,0.270028,-1.17299
4.72475,-4.88964,-0.647166,-4.88964,-10.4075
0.766512,4.0294,-0.812016,4.0294,5.95217
1.85664,1.8586,0.846868,1.8586,10.2402
6.16492,-4.66737,0.719994,-4.66737,-0.39082
0.838272,4.82108,-0.548651,4.82108,6.69676
0.895775,-4.58241,0.893379,-4.58241,8.59781
1.52883,-1.08329,-0.188295,-1.08329,9.6239
3.24046,-4.54142,0.905201,-4.54142,-0.0176947
1.94951,-2.17026,0.288101,-2.17026,9.42469
4.65671,2.04933,-0.633631,2.04933,-10.4489
4.52939,3.88419,0.283974,3.88419,-9.40107
1.23307,1.25126,0.761269,1.25126,10.0046
0.89766,0.694293,-0.987792,0.694293,6.67541
3.34022,-1.8585,0.737238,-1.8585,-1.17992
5.89916,0.698572,-0.085619,0.698572,-3.76794
2.65444,-4.514,-0.987511,-4.514,3.64979
0.0440391,2.14583,-0.181991,2.14583,0.228435
0.245551,-2.45023,-0.789256,-2.45023,1.61997
5.00015,-2.07068,0.505429,-2.07068,-8.88049
5.8406,3.33324,-0.8215,3.33324,-5.05619
5.25807,-1.68896,0.277203,-1.68896,-8.09125
2.73042,1.76974,0.0441343,1.76974,3.94735
3.7699,0.562355,-0.496329,0.562355,-6.268
5.23414,2.12711,-0.250508,2.12711,-8.77654
3.39315,1.60544,-0.766744,1.60544,-3.22462
5.06114,4.37379,-0.316984,4.37379,-9.58015
2.96696,3.70803,-0.771338,3.70803,0.895999
1.78924,2.18007,-0.919127,2.18007,8.63594
0.227052,-3.00799,-0.758755,-3.00799,1.47962
6.09756,-0.465886,-0.824171,-0.465886,-2.63008
3.66047,-1.24477,0.0393816,-1.24477,-4.81301
3.28588,-1.951,0.540381,-1.951,-0.850708
5.26714,2.83108,-0.562606,2.83108,-8.9297
0.292157,-0.589958,0.212634,-0.589958,3.04399
5.53036,-1.2889,0.809299,-1.2889,-5.88493
3.10039,1.69601,0.348398,1.69601,0.7355
1.06567,3.07133,-0.744771,3.07133,7.80936
3.18253,4.95431,-0.632234,4.95431,-1.08327
3.65519,4.97048,-0.801634,4.97048,-5.67115
0.993152,-3.90872,-0.425336,-3.90872,7.83209
1.10903,1.10529,-0.634833,1.10529,8.13668
1.67722,1.60103,-0.206337,1.60103,9.53215
1.66324,-2.94989,-0.586155,-2.94989,9.21146
0.190035,1.19298,0.169817,1.19298,2.01093
0.0497535,3.80412,0.424323,3.80412,0.874162
5.39963,-4.4963,-0.484378,-4.4963,-8.02252
0.738851,1.97974,-0.935498,1.97974,5.65114
1.52451,-0.671756,-0.165337,-0.671756,9.64087
0.687351,-0.881158,-0.21872,-0.881158,6.01446
5.65619,3.25385,0.00185722,3.25385,-5.78634
3.85786,-3.04172,0.637736,-3.04172,-5.77282
0.358925,1.16522,0.628053,1.16522,4.06234
1.10448,-4.49768,-0.444565,-4.49768,8.36299
3.12647,-0.943943,0.838377,-0.943943,0.996201
5.68244,4.69807,0.86866,4.69807,-4.72353
5.25091,-3.83989,-0.692412,-3.83989,-9.07558
4.33876,4.31643,0.0832427,4.31643,-9.0931
0.993749,-0.210523,0.573544,-0.210523,8.79719
5.41385,-0.375138,-0.203997,-0.375138,-7.69412
4.52912,-1.21654,-0.0289748,-1.21654,-9.66252
5.99539,-0.861978,-0.427296,-0.861978,-3.20311
0.552362,-1.55941,-0.597501,-1.55941,4.5654
1.92952,4.56899,0.81795,4.56899,9.9578
3.92729,0.896829,-0.114601,0.896829,-7.06235
4.59725,-1.78818,0.437948,-1.78818,-9.28921
2.01566,-3.56039,-0.7069,-3.56039,8.18387
3.51776,-1.48381,-0.681684,-1.48381,-4.27066
1.02691,-2.07645,0.382787,-2.07645,8.79801
5.98634,-3.5673,-0.120257,-3.5673,-2.95403
2.76419,4.8904,-0.5165,4.8904,3.04965
5.24363,-3.68066,0.24112,-3.68066,-8.18006
5.86061,1.48699,0.399638,1.48699,-3.63843
4.44099,-1.63622,-0.239115,-1.63622,-9.67369
3.58733,2.6284,-0.67628,2.6284,-4.93185
0.213522,0.236345,0.0423992,0.236345,2.11881
2.18723,3.62436,0.0888017,3.62436,8.057
1.67293,0.0837211,-0.148479,0.0837211,9.60957
0.37527,2.44645,-0.949152,2.44645,2.62198
3.32892,-1.00654,0.22195,-1.00654,-1.59496
4.13646,-1.8481,0.849129,-1.8481,-7.35989
0.692405,2.79509,0.819283,2.79509,7.05394
5.44398,-1.5486,-0.89988,-1.5486,-8.18417
2.60039,0.780529,-0.502277,0.780529,4.54368
4.57397,0.559047,-0.996277,0.559047,-10.718
1.77154,-3.17108,0.981941,-3.17108,10.6267
1.0929,1.90186,-0.731832,1.90186,7.96007
0.90473,1.54612,-0.290887,1.54612,7.40685
1.77464,4.11277,-0.900958,4.11277,8.66481
1.18755,-2.43328,0.243878,-2.43328,9.36656
3.25468,-3.20523,-0.697113,-3.20523,-1.77212
5.39779,-0.721885,0.09204,-0.721885,-7.49528
0.187523,-2.65248,-0.463073,-2.65248,1.39229
3.82658,0.914588,0.283417,0.914588,-5.93219
5.74837,-0.813624,0.263936,-0.813624,-4.7279
0.460298,4.1402,-0.634416,4.1402,3.68193
4.54412,4.90273,0.239122,4.90273,-9.48136
0.914684,-3.81103,0.568131,-3.81103,8.37939
2.23735,3.85065,0.204598,3.85065,7.87631
0.432541,4.61972,-0.0472319,4.61972,4.01872
4.97504,-0.167575,0.179008,-0.167575,-9.29287
0.200916,-0.7023,0.829653,-0.7023,2.79443
1.77763,-1.48627,0.887917,-1.48627,10.5037
2.20006,1.64599,-0.436944,1.64599,7.47761
4.0272,-2.81153,-0.734266,-2.81153,-8.30205
2.16832,-4.56399,0.980441,-4.56399,9.13633
4.15846,4.44736,-0.663186,4.44736,-9.05072
4.52531,0.851275,-0.109616,0.851275,-9.75695
1.08245,3.99654,-0.464754,3.99654,8.1586
5.06134,0.384027,-0.464422,0.384027,-9.68703
3.45105,-0.124928,-0.344729,-0.124928,-3.33106
1.08991,4.68595,-0.98238,4.68595,7.66814
1.64069,-1.06946,0.0933164,-1.06946,9.89006
5.04446,4.99631,-0.967331,4.99631,-10.2914
0.252268,-1.6378,0.660156,-1.6378,3.12512
1.56256,0.619855,-0.539054,0.619855,9.26441
5.91334,3.12345,0.549736,3.12345,-3.02754
2.16868,0.231469,-0.252317,0.231469,7.85362
0.308145,-3.16557,-0.743236,-3.16557,2.26371
6.08858,4.43229,-0.0380836,4.43229,-1.97946
2.34682,2.52682,-0.864319,2.52682,6.11184
2.49655,2.17846,0.935844,2.17846,6.81213
5.71831,2.17058,-0.0844127,2.17058,-5.35749
2.36907,-0.371699,-0.778572,-0.371699,6.07199
0.206906,-0.0403621,0.806239,-0.0403621,2.82194
0.0323185,-2.33039,-0.22132,-2.33039,0.118973
2.67611,-4.50457,0.88027,-4.50457,5.3286
3.59541,-0.160225,0.493132,-0.160225,-3.80594
2.049,4.30643,0.0209406,4.30643,8.68741
1.51606,0.578058,0.585404,0.578058,10.3749
1.09234,4.54697,-0.595055,4.54697,8.06786
4.75147,0.245536,0.974034,0.245536,-8.83093
4.55344,-3.60216,0.853002,-3.60216,-8.79732
0.558815,1.14025,-0.74161,1.14025,4.44807
0.392358,4.10553,0.868201,4.10553,4.57818
4.62689,-4.9841,-0.821634,-4.9841,-10.546
1.1179,-2.43989,-0.796389,-2.43989,8.04902
0.729432,-1.45204,0.252262,-1.45204,6.80462
0.251029,0.691106,-0.664888,0.691106,1.76501
0.0104935,1.71055,0.075488,1.71055,0.161321
1.82917,1.73019,0.954535,1.73019,10.4216
2.1085,2.94923,0.900279,2.94923,9.29646
0.6128,-4.60576,-0.535197,-4.60576,5.15319
4.24615,-2.70611,0.974261,-2.70611,-7.76162
4.11751,2.67713,0.68628,2.67713,-7.46531
1.95762,2.97321,-0.0121392,2.97321,9.0433
2.22702,-3.49897,-0.90748,-3.49897,6.90002
1.41684,-0.466152,0.137707,-0.466152,9.83634
3.17736,4.74258,-0.578103,4.74258,-0.976291
3.79249,-4.15752,0.157865,-4.15752,-5.74447
4.14526,-4.42851,0.619771,-4.42851,-7.61015
4.5918,-2.66426,-0.718186,-2.66426,-10.4303
1.49648,-3.3074,0.865243,-3.3074,10.6812
2.85461,-0.30689,-0.700448,-0.30689,2.07942
0.202033,-4.88705,-0.224089,-4.88705,1.79327
5.19346,-1.47035,0.0824924,-1.47035,-8.59937
3.95019,2.07091,-0.553788,2.07091,-7.67023
0.699862,-1.92343,-0.141404,-1.92343,6.19657
3.78593,3.92222,0.342115,3.92222,-5.58964
1.25404,2.75241,0.997106,2.75241,10.2915
1.65019,-3.91584,0.291194,-3.91584,10.1095
5.86749,3.30407,-0.0972818,3.30407,-4.09185
5.37217,-3.3987,-0.925754,-3.3987,-8.64293
0.444197,-3.32562,-0.85371,-3.32562,3.39522
4.81706,-1.79085,0.0366519,-1.79085,-9.70175
5.7362,-2.42031,-0.356256,-2.42031,-5.43438
5.78185,-3.94638,-0.559283,-3.94638,-5.23448
1.51986,-2.03381,-0.335707,-2.03381,9.48191
2.56603,-4.15057,0.0931381,-4.15057,5.47427
3.13611,0.367574,-0.273432,0.367574,-0.223327
4.12875,-2.95224,-0.745785,-2.95224,-8.90233
2.34479,2.33014,0.116343,2.33014,7.10839
1.19925,-1.06823,-0.584269,-1.06823,8.56703
4.98153,-2.42464,0.782599,-2.42464,-8.65
1.52006,2.78307,0.499171,2.78307,10.2687
0.861967,1.00076,-0.782632,1.00076,6.65437
3.61374,-1.85611,0.985754,-1.85611,-3.45723
4.50282,4.12875,-0.91454,4.12875,-10.5512
1.54917,1.49133,0.583996,1.49133,10.3768
6.11628,-2.51364,0.698732,-2.51364,-0.905895
5.0339,3.61443,-0.91446,3.61443,-10.2579
1.83889,2.13569,-0.939694,2.13569,8.49851
0.683809,-3.08104,0.574399,-3.08104,6.80268
4.42326,3.92884,0.789293,3.92884,-8.65282
4.86084,-4.98406,0.515831,-4.98406,-9.13643
2.73781,-1.80835,0.719248,-1.80835,4.59167
5.11783,3.95663,-0.469986,3.95663,-9.52423
3.35947,1.63531,-0.906404,1.63531,-3.04323
3.09319,4.31558,0.106415,4.31558,0.537865
5.74398,3.70698,-0.482075,3.70698,-5.55609
2.40171,-0.0496309,0.70929,-0.0496309,7.32373
5.47059,-2.7883,0.836989,-2.7883,-6.25795
1.05399,2.24065,0.372173,2.24065,8.87857
4.30865,4.0249,0.868833,4.0249,-8.19266
0.299918,3.773,0.664992,3.773,3.52555
4.91111,3.25518,-0.871729,3.25518,-10.5212
2.18428,0.786754,0.127584,0.786754,8.14084
5.84787,-1.30157,-0.0844068,-1.30157,-4.20827
2.39444,0.451321,0.628138,0.451321,7.29003
5.16747,-0.303272,-0.452115,-0.303272,-9.26069
5.58437,-1.71433,0.370909,-1.71433,-5.92283
4.878,-1.72804,0.769009,-1.72804,-8.88948
5.1829,-1.46766,-0.332286,-1.46766,-9.06164
5.33362,-3.38192,0.417332,-3.38192,-7.526
1.9076,-0.352801,-0.558796,-0.352801,8.70356
3.98421,-0.42679,0.729464,-0.42679,-6.58836
5.35963,2.59131,0.0971183,2.59131,-7.7547
5.78376,3.54834,0.809684,3.54834,-3.924
0.256627,-0.40183,-0.383942,-0.40183,2.11004
4.31617,-2.23968,0.994774,-2.23968,-8.03281
3.91906,-1.10459,0.984637,-1.10459,-5.8858
1.89683,4.09448,0.785559,4.09448,10.0378
4.82603,-2.38791,-0.156822,-2.38791,-9.87967
2.54558,-3.01011,-0.926492,-3.01011,4.61044
0.648588,-1.65936,0.615277,-1.65936,6.55771
3.66116,-3.79481,0.100949,-3.79481,-4.73179
3.81058,2.33834,-0.896895,2.33834,-7.00437
0.771591,1.04759,-0.863736,1.04759,5.96607
4.34023,2.99333,-0.371646,2.99333,-9.54001
5.03822,-0.377176,0.94056,-0.377176,-8.34952
2.13222,-3.27721,-0.119646,-3.27721,8.21728
5.31897,3.28614,0.045984,3.28614,-8.0468
0.546492,-4.90664,0.817744,-4.90664,5.965
6.01847,-4.0518,0.465528,-4.0518,-2.06063
1.72323,-4.32561,-0.937794,-4.32561,8.8017
3.4287,1.44726,0.206261,1.44726,-2.5862
0.429104,-3.8043,-0.410485,-3.8043,3.70907
0.404872,-1.39145,-0.0889733,-1.39145,3.78911
2.22335,-0.324635,-0.146762,-0.324635,7.65088
1.29401,1.81981,-0.268379,1.81981,9.15003
4.10699,0.160061,-0.813937,0.160061,-8.88205
0.942565,-0.0532707,-0.794869,-0.0532707,7.14262
3.30396,4.11874,0.280113,4.11874,-1.34691
2.5041,-0.798847,-0.468173,-0.798847,5.37857
1.79485,4.76736,0.000103318,4.76736,9.51723
3.30973,0.170612,-0.90694,0.170612,-2.55032
2.28435,-0.807625,0.21834,-0.807625,7.64319
3.63382,-2.02346,-0.764084,-2.02346,-5.37998
0.585893,0.238522,-0.156819,0.238522,5.26517
5.19288,2.81782,0.406266,2.81782,-8.3211
5.21861,4.59406,0.530712,4.59406,-8.09487
2.06587,-4.58335,0.176817,-4.58335,8.85481
2.40706,1.18658,-0.0011228,1.18658,6.56209
3.53894,2.844,0.35324,2.844,-3.47144
3.21929,3.15661,0.381166,3.15661,-0.411851
1.8911,4.30519,-0.549046,4.30519,8.71896
1.73517,2.57145,0.857425,2.57145,10.5095
6.02059,-1.05206,-0.292158,-1.05206,-2.82821
2.42763,-4.85866,-0.202469,-4.85866,6.27006
5.48202,-2.33591,-0.32062,-2.33591,-7.34249
3.64798,-2.55488,-0.76061,-2.55488,-5.49312
5.10989,4.2686,0.227851,4.2686,-8.85995
2.57125,1.67534,0.311139,1.67534,5.59097
5.59795,-3.9247,0.380972,-3.9247,-5.78812
0.0226533,1.52104,-0.782306,1.52104,-0.575307
0.315311,3.32146,0.286713,3.32146,3.2957
0.222542,4.7023,-0.787928,4.7023,1.33021
5.09973,-4.09063,-0.574324,-4.09063,-9.61666
4.8507,1.3752,-0.206163,1.3752,-9.93624
0.993703,0.462993,-0.260922,0.462993,7.95574
5.76388,3.97704,-0.250441,3.97704,-5.15865
1.62585,-3.89299,-0.069721,-3.89299,9.76435
5.59471,0.884691,-0.843685,0.884691,-7.08544
0.542251,-1.41892,0.464319,-1.41892,5.54111
1.19365,-3.43859,0.412472,-3.43859,9.5674
4.07526,-2.29769,0.720472,-2.29769,-7.1419
5.42243,4.70801,-0.581229,4.70801,-8.0676
2.41734,-0.139028,0.0601929,-0.139028,6.56148
0.566212,-0.955833,0.497825,-0.955833,5.76985
2.34456,4.35848,-0.986153,4.35848,5.9872
0.827919,0.251422,-0.818935,0.251422,6.40387
5.00582,-1.8019,-0.290923,-1.8019,-9.6636
1.4506,-3.7813,-0.00217088,-3.7813,9.77486
4.38068,-2.45365,-0.538473,-2.45365,-9.78916
0.857294,-0.932013,0.871614,-0.932013,8.29802
5.05227,2.86276,0.671688,2.86276,-8.60576
0.697813,2.56187,-0.57479,2.56187,5.70294
1.29733,-0.780639,-0.0971561,-0.780639,9.35612
1.86523,-4.55593,0.0574027,-4.55593,9.49081
3.42016,-4.41596,-0.625588,-4.41596,-3.27893
5.03968,1.96182,-0.119771,1.96182,-9.42866
4.31673,1.09073,0.182011,1.09073,-8.88099
0.40482,-1.96994,-0.741264,-1.96994,3.14213
0.939587,-3.58198,0.3947,-3.58198,8.35028
0.144173,1.57546,0.538255,1.57546,1.93195
4.91664,4.55534,-0.513622,4.55534,-10.1653
2.34282,-4.77552,0.821529,-4.77552,7.89815
1.20731,-1.82535,0.471011,-1.82535,9.65831
4.94672,4.56771,0.296602,4.56771,-9.29097
4.62359,-4.23645,-0.0321321,-4.23645,-9.76112
1.00184,-3.39643,-0.944665,-3.39643,7.35387
1.80946,-2.4982,0.832745,-2.4982,10.3896
5.83507,-0.718653,0.60097,-0.718653,-3.64217
1.61025,-3.73415,0.622729,-3.73415,10.4624
0.571578,2.47185,0.50506,2.47185,5.78716
3.65191,1.31807,0.954403,1.31807,-3.8505
1.77478,-4.41624,-0.480629,-4.41624,9.17015
4.89664,-0.278553,-0.604423,-0.278553,-10.2456
5.58557,2.45057,0.956504,2.45057,-5.36986
6.02917,-3.73945,0.405847,-3.73945,-2.02189
4.14545,2.10822,-0.834886,2.10822,-9.13117
5.39552,0.825442,0.536195,0.825442,-7.08068
5.50978,0.493276,0.0977301,0.493276,-6.76023
6.13511,2.38762,0.962976,2.38762,-0.508191
4.82956,-1.12265,0.0402639,-1.12265,-9.69125
6.14481,2.83412,-0.314462,2.83412,-1.69591
6.15696,0.212418,0.890828,0.212418,-0.346273
3.00291,1.32076,0.0853353,1.32076,1.42826
3.07224,0.00850928,0.731346,0.00850928,1.41107
4.73445,-0.00493893,0.00855827,-0.00493893,-9.799
3.91788,-1.14406,-0.415528,-1.14406,-7.27735
3.76904,-1.69595,-0.665945,-1.69595,-6.40822
3.94774,1.51281,0.52638,1.51281,-6.56788
6.21495,-3.89616,-0.794276,-3.89616,-1.42417
3.60232,-2.58024,-0.878051,-2.58024,-5.21376
1.25973,-3.99392,0.655857,-3.99392,10.035
4.71894,-2.86384,-0.354093,-2.86384,-10.1352
2.82171,0.773371,0.562874,0.773371,3.63991
4.11175,-3.55823,0.639771,-3.55823,-7.41764
3.14863,-4.45433,0.605335,-4.45433,0.580794
1.55995,0.299219,-0.663692,0.299219,9.14274
5.83965,4.99495,0.965178,4.99495,-3.29457
3.07522,-3.8127,-0.77404,-3.8127,-0.0852883
1.61848,-2.47799,-0.495418,-2.47799,9.32821
0.431631,-4.15089,-0.564255,-4.15089,3.5813
5.2148,-4.67702,0.238263,-4.67702,-8.31267
0.691813,-3.94136,-0.627387,-3.94136,5.67016
4.61048,-2.01317,-0.597829,-2.01317,-10.3368
1.61647,-4.95341,0.193072,-4.95341,10.0424
1.91324,3.20635,-0.109521,3.20635,9.09882
5.26237,-4.43797,-0.560222,-4.43797,-8.87922
3.89057,-1.24121,-0.0413737,-1.24121,-6.70848
5.56554,3.15921,-0.00161497,3.15921,-6.48438
6.05151,4.39943,-0.748139,4.39943,-3.04461
3.57723,-2.293,0.328078,-2.293,-3.78871
5.20318,-2.94941,0.760854,-2.94941,-7.86169
5.12026,0.255199,0.153418,0.255199,-8.85439
5.15756,-4.67624,0.7437,-4.67624,-8.06344
0.687529,-0.882744,-0.541873,-0.882744,5.69267
2.17222,-4.56777,-0.760411,-4.56777,7.37392
1.48143,0.740998,-0.96542,0.740998,8.79802
5.49744,1.02186,-0.00265074,1.02186,-6.95203
1.90082,4.55295,-0.371682,4.55295,8.8634
3.80943,2.15223,0.705759,2.15223,-5.39098
4.96626,1.94905,0.89909,1.94905,-8.61597
4.06033,3.15247,0.748376,3.15247,-7.08047
4.30635,3.30554,-0.682021,3.30554,-9.72744
3.3861,1.0418,0.060887,1.0418,-2.32436
1.47632,-4.23877,-0.535658,-4.23877,9.27299
4.32969,-1.64229,0.558755,-1.64229,-8.52518
1.72095,-0.214573,0.695423,-0.214573,10.3972
2.83847,3.53861,-0.382001,3.53861,2.51092
3.92951,2.80814,0.674778,2.80814,-6.30744
2.83059,3.26862,-0.461623,3.26862,2.50764
4.01836,2.90701,0.737451,2.90701,-6.83231
2.658,-2.02523,0.553716,-2.02523,5.13529
0.0897258,1.51333,0.892492,1.51333,1.75639
5.74129,-0.62394,-0.970483,-0.62394,-6.02387
2.76854,4.39843,-0.442483,4.39843,3.08892
5.2736,0.34382,0.171133,0.34382,-8.13758
3.72108,2.32972,0.558441,2.32972,-4.83675
5.67691,-0.525882,0.413393,-0.525882,-5.17117
4.83742,-4.66401,-0.329554,-4.66401,-10.0163
0.574059,1.81649,0.361927,1.81649,5.67103
0.724089,4.64543,-0.176593,4.64543,6.27562
5.32273,-0.12709,0.827733,-0.12709,-7.20985
0.457979,4.8373,0.718215,4.8373,5.0072
2.83498,-3.28879,0.989226,-3.28879,3.98312
4.96985,-1.26974,-0.944253,-1.26974,-10.4182
1.46865,3.84057,0.465445,3.84057,10.1859
4.54296,2.16846,0.597485,2.16846,-9.09373
2.13243,4.79236,0.245435,4.79236,8.50058
3.11036,2.5673,-0.590908,2.5673,-0.310269
5.42923,1.13197,0.211587,1.13197,-7.19536
5.33807,1.33009,0.643421,1.33009,-7.32149
1.73729,1.65179,0.59736,1.65179,10.2552
2.25846,-2.42968,-0.639557,-2.42968,6.96525
2.72976,-4.34454,0.741209,-4.34454,4.71151
1.38262,-4.44372,0.2983,-4.44372,9.97956
0.394553,0.804944,-0.0134439,0.804944,3.74943
0.418863,-1.38591,-0.911172,-1.38591,3.09263
1.24752,-1.21552,0.995254,-1.21552,10.3092
4.51457,-0.547794,0.784806,-0.547794,-8.82839
3.94327,2.47664,0.436365,2.47664,-6.63714
1.35584,0.863771,0.978944,0.863771,10.5545
3.81805,4.49179,-0.0453962,4.49179,-6.23168
1.33262,-1.99139,0.0863962,-1.99139,9.63938
4.01033,-1.19868,0.107573,-1.19868,-7.37053
1.92371,4.79364,0.891614,4.79364,10.0491
5.42272,3.95116,0.784512,3.95116,-6.69241
2.63244,-0.752883,0.457777,-0.752883,5.2471
0.470534,4.22849,0.293081,4.22849,4.69828
6.18684,3.26787,-0.717448,3.26787,-1.69379
0.11085,-4.96131,0.92032,-4.96131,2.05514
3.59532,-3.48547,0.303864,-3.48547,-3.96119
0.137435,2.93429,0.536308,2.93429,1.85096
0.800283,-3.57036,0.7719,-3.57036,7.8468
1.80954,3.13343,0.332605,3.13343,9.83301
4.46442,-2.54221,-0.717158,-2.54221,-10.2017
0.671794,-0.19651,0.7175,-0.19651,6.82512
4.39445,-0.281511,-0.440149,-0.281511,-9.75567
3.30528,-1.91854,-0.341865,-1.91854,-1.92129
2.93182,-2.49892,-0.7687,-2.49892,1.29914
1.75278,4.12783,-0.690455,4.12783,8.91627
0.443415,-2.43556,0.677591,-2.43556,4.9107
4.49978,-3.5349,0.270126,-3.5349,-9.28365
2.76948,-4.21966,-0.181267,-4.21966,3.42765
0.84509,4.05819,0.488697,4.05819,7.7863
2.30946,-0.880556,-0.948203,-0.880556,6.31379
0.4121,-0.491058,0.0574358,-0.491058,3.99159
5.11249,1.45574,0.934261,1.45574,-8.11551
2.84758,0.691789,0.198527,0.691789,3.03453
2.47756,4.16038,0.816627,4.16038,6.82094
2.87308,-0.626232,0.572326,-0.626232,3.18115
4.86195,-4.88348,-0.334676,-4.88348,-9.98632
5.04025,4.17961,0.98529,4.17961,-8.34395
0.503725,-0.645146,-0.329183,-0.645146,4.41247
3.93,-4.38154,0.602234,-4.38154,-6.31153
3.12094,-2.8116,0.441087,-2.8116,0.671827
3.25046,1.74894,0.329995,1.74894,-0.753402
0.751646,-1.48483,0.454182,-1.48483,7.16771
0.0993208,-1.22275,0.509857,-1.22275,1.49482
2.98234,-2.0579,-0.564178,-2.0579,1.01211
4.14575,3.40547,0.954232,3.40547,-7.3566
3.02753,-2.01092,-0.941394,-2.01092,0.19529
1.73031,1.97834,0.0791006,1.97834,9.74477
2.5592,0.677707,0.495748,0.677707,5.8847
0.661007,0.188512,-0.954343,0.188512,5.06625
2.45899,3.75051,0.0850332,3.75051,6.23585
5.57185,-1.24395,0.321353,-1.24395,-6.07063
2.58408,4.53635,-0.929811,4.53635,4.21508
0.384455,3.70251,-0.0326303,3.70251,3.60963
4.55735,3.73584,0.318393,3.73584,-9.4113
0.231337,-4.82676,-0.932971,-4.82676,1.36452
5.05307,4.37196,0.43757,4.37196,-8.85234
5.41279,-3.84188,-0.173721,-3.84188,-7.6359
0.741683,2.24038,-0.290653,2.24038,6.31389
2.74093,-0.87055,0.00794539,-0.87055,3.84286
2.65038,4.24037,-0.317855,4.24037,4.26707
5.35603,-4.97417,-0.196655,-4.97417,-7.99411
2.26456,-2.96343,-0.19832,-2.96343,7.37369
6.21036,-4.55636,0.30578,-4.55636,-0.362466
5.01657,-4.45639,-0.393016,-4.45639,-9.7081
5.54271,3.30219,-0.504034,3.30219,-7.15528
1.92363,1.61101,0.0199618,1.61101,9.20954
3.35356,3.84804,0.330958,3.84804,-1.77141
3.3148,-4.01782,0.314407,-4.01782,-1.33607
3.00105,2.33243,-0.249612,2.33243,1.10127
1.40095,-4.82963,-0.563337,-4.82963,9.1538
3.42624,3.71074,0.434355,3.71074,-2.35755
3.75503,2.44973,-0.104311,2.44973,-5.77624
4.23413,-0.159139,0.300701,-0.159139,-8.40702
5.84097,-1.10597,-0.594432,-1.10597,-4.78148
2.14917,-4.21562,-0.403485,-4.21562,7.85309
4.33942,-3.547,0.839403,-3.547,-8.2607
5.28317,3.13869,0.0228775,3.13869,-8.26342
3.81425,0.222503,-0.111641,0.222503,-6.22616
4.79853,2.89202,-0.644047,2.89202,-10.4466
1.34075,-4.1274,-0.454686,-4.1274,9.13816
2.47633,3.38735,0.339712,3.38735,6.36124
0.835265,1.31483,0.700802,1.31483,7.96152
5.83041,-0.740075,0.410297,-0.740075,-3.87386
5.66688,-0.104991,-0.82213,-0.104991,-6.4915
1.49157,4.44554,-0.839928,4.44554,8.89484
2.7548,-2.09156,0.241873,-2.09156,3.96335
0.993771,2.98947,0.570433,2.98947,8.76219
0.828244,4.41196,0.572746,4.41196,7.75609
1.53036,-0.515773,-0.794645,-0.515773,9.0125
1.28518,3.16959,0.652569,3.16959,10.0335
6.10366,-4.08219,-0.48694,-4.08219,-2.19784
4.93864,-4.557,0.595178,-4.557,-8.91924
2.44927,-0.543752,0.667201,-0.543752,6.93463
4.87575,2.46237,0.0873028,2.46237,-9.61671
5.21191,4.88125,0.610153,4.88125,-8.05002
2.42984,-4.29998,-0.787902,-4.29998,5.66261
0.855782,-0.308763,0.410229,-0.308763,7.82069
0.383288,-4.06108,-0.333786,-4.06108,3.37549
0.285124,4.09344,0.605172,4.09344,3.32356
3.08837,-4.25198,-0.324184,-4.25198,0.240231
2.16418,-4.47712,0.699981,-4.47712,8.87776
5.00308,-0.148412,-0.207935,-0.148412,-9.60489
6.19058,-3.14647,-0.620841,-3.14647,-1.49657
5.15218,-1.80578,-0.328067,-1.80578,-9.18648
3.2774,-0.621909,0.504046,-0.621909,-0.817945
4.57634,2.49049,0.614744,2.49049,-9.12951
2.60829,-4.15326,0.555139,-4.15326,5.58388
4.09615,-4.88993,0.878145,-4.88993,-7.07849
4.40782,3.53903,0.105741,3.53903,-9.28814
1.8618,1.49951,0.12228,1.49951,9.50482
1.1214,4.78115,-0.963101,4.78115,7.82503
6.06446,-0.561774,0.719757,-0.561774,-1.40327
3.68941,3.9147,-0.617774,3.9147,-5.7662
4.2871,3.86137,-0.878734,3.86137,-9.85346
5.24532,-3.83656,-0.797629,-3.83656,-9.20883
2.89889,2.42351,-0.767519,2.42351,1.5659
2.54944,4.53934,-0.875274,4.53934,4.5548
3.07777,-0.491456,-0.811084,-0.491456,-0.180523
0.919992,-1.8877,0.0761597,-1.8877,7.89984
2.34782,0.631582,0.0174368,0.631582,7.0057
1.82714,2.00802,0.176675,2.00802,9.64605
6.1069,-4.38033,0.0987763,-4.38033,-1.57787
0.968675,-4.69227,0.335306,-4.69227,8.467
5.51938,3.79468,0.486624,3.79468,-6.33667
5.87988,-2.98096,0.523927,-2.98096,-3.29632
0.744218,-2.40729,-0.178098,-2.40729,6.49124
3.13562,-1.29072,0.928903,-1.29072,1.00036
0.931978,-3.06338,0.991165,-3.06338,8.89727
5.94722,-1.53569,0.27755,-1.53569,-2.94125
6.21184,1.56205,-0.838872,1.56205,-1.55377
4.45808,0.178125,0.563426,0.178125,-8.93283
5.38744,1.70442,-0.939244,1.70442,-8.61469
2.02874,2.60261,0.60892,2.60261,9.38209
1.73629,-1.67566,0.869126,-1.67566,10.5619
4.98418,0.679723,-0.444738,0.679723,-9.90141
0.526843,-3.77473,0.652067,-3.77473,5.62235
3.29719,-4.37796,-0.621873,-4.37796,-2.09836
5.33383,1.74349,0.38543,1.74349,-7.60792
0.799577,2.7366,0.831061,2.7366,7.83807
3.65503,-1.64924,0.148404,-1.64924,-4.65349
0.00409671,1.04136,0.359258,1.04136,0.389033
3.49278,-4.81928,0.627185,-4.81928,-2.69941
4.37225,-4.6351,-0.722238,-4.6351,-9.92386
1.49018,2.78975,-0.339708,2.78975,9.41054
0.0965735,-2.25042,-0.575033,-2.25042,0.393385
2.52247,-3.40574,0.576238,-3.40574,6.30322
5.19781,-1.12346,0.878753,-1.12346,-7.78676
0.215714,2.66323,0.878522,2.66323,2.95168
2.7672,2.01495,0.29851,2.01495,3.86595
4.48982,-0.873277,-0.855973,-0.873277,-10.4153
0.807295,3.66905,0.214054,3.66905,7.2643
5.85387,4.93505,0.407228,4.93505,-3.72553
3.48291,-3.34998,-0.315597,-3.34998,-3.56579
5.46489,0.642052,-0.0225784,0.642052,-7.19009
0.584847,2.07023,0.158339,2.07023,5.55346
5.02665,-1.75924,-0.743622,-1.75924,-10.0556
3.1566,0.949624,0.961492,0.949624,0.804766
5.08035,2.30294,-0.521012,2.30294,-9.6974
1.73643,-1.30211,0.987109,-1.30211,10.6759
0.736417,4.00775,0.876736,4.00775,7.42542
2.78776,-0.747158,-0.135252,-0.747158,3.27135
1.92665,4.65584,0.248278,4.65584,9.3971
5.95951,1.55507,-0.711105,1.55507,-3.84679
3.70818,-3.56693,-0.70753,-3.56693,-5.93745
2.29906,-0.777644,0.776877,-0.777644,8.10617
5.49798,0.0362977,-0.0210986,0.0362977,-6.95681
4.60605,3.07475,-0.127295,3.07475,-9.91262
4.76918,-4.51221,-0.047954,-4.51221,-9.79702
0.842961,-2.22076,-0.444617,-2.22076,6.9019
2.19387,-3.07646,-0.914575,-3.07646,7.08279
1.88885,-2.51247,-0.674131,-2.51247,8.66897
0.731282,3.36243,0.257455,3.36243,6.77519
3.89643,2.6915,-0.0807718,2.6915,-6.82924
3.50266,-2.94115,0.1503,-2.94115,-3.28587
4.06095,-1.60124,0.652158,-1.60124,-7.13287
4.06229,3.69375,-0.630834,3.69375,-8.47676
0.768113,4.24643,-0.592895,4.24643,6.18043
4.08379,-2.72311,-0.316677,-2.72311,-8.2243
2.50767,3.25821,0.126048,3.25821,5.90405
3.05362,-3.7189,-0.156247,-3.7189,0.742834
2.66105,2.92423,-0.562555,2.92423,3.94296
4.35627,-4.66296,-0.734234,-4.66296,-9.8821
1.56711,-3.99642,0.248448,-3.99642,10.0983
1.86014,-0.994899,0.763845,-0.994899,10.176
0.60383,-2.16572,-0.750462,-2.16572,4.84131
3.065,-0.0542567,-0.912922,-0.0542567,-0.161717
2.56108,1.57413,-0.713769,1.57413,4.65083
1.43215,-4.18597,-0.96987,-4.18597,8.78785
0.888822,3.35485,0.797558,3.35485,8.37981
1.59886,-0.533432,-0.307824,-0.533432,9.50365
4.11228,-2.26959,-0.152173,-2.26959,-8.2254
4.76071,2.95087,0.937302,2.95087,-8.89076
3.03327,2.40235,-0.440826,2.40235,0.595714
2.5432,3.25335,-0.739381,3.25335,4.7542
2.94815,4.32729,0.00367918,4.32729,1.84622
5.30144,-1.36618,-0.845917,-1.36618,-8.98898
2.14972,-3.75171,-0.0609517,-3.75171,8.18802
5.28995,-3.95459,0.773798,-3.95459,-7.40546
1.38064,-1.53416,-0.681463,-1.53416,8.96706
1.65896,-0.639336,0.328628,-0.639336,10.1069
3.36941,4.95144,-0.579442,4.95144,-2.84456
0.602849,4.94143,0.735715,4.94143,6.24849
1.68517,0.226305,-0.0705083,0.226305,9.67313
2.91191,-4.76511,0.542055,-4.76511,2.82312
0.293879,-2.75472,0.69015,-2.75472,3.55934
1.76798,1.4221,0.555361,1.4221,10.1611
1.26201,1.32959,-0.459487,1.32959,8.87322
0.199511,1.35591,0.86706,1.35591,2.79775
0.139125,-2.3784,0.969776,-2.3784,2.35398
4.9589,2.14401,-0.806422,2.14401,-10.3413
0.679414,-0.468704,-0.970681,-0.468704,5.198
4.30857,0.65457,-0.829924,0.65457,-9.85744
5.136,0.76525,-0.401173,0.76525,-9.35172
1.47719,3.10998,-0.499116,3.10998,9.23683
6.0735,4.22304,0.647364,4.22304,-1.43684
5.25001,-3.80763,-0.793602,-3.80763,-9.18163
1.07572,-3.63653,-0.295591,-3.63653,8.37291
5.89541,2.79054,0.123018,2.79054,-3.61436
5.83976,-3.62429,0.105512,-3.62429,-4.06709
2.29825,-2.43402,0.192199,-2.43402,7.54335
3.29965,2.19742,-0.800523,2.19742,-2.36662
2.65594,-1.83538,-0.761922,-1.83538,3.83562
2.14662,-4.79895,0.735537,-4.79895,9.01161
1.34046,0.278658,0.919921,0.278658,10.468
3.1502,-4.31735,-0.400159,-4.31735,-0.44147
0.597949,2.63541,-0.0266332,2.63541,5.46954
1.82571,2.52989,0.0314656,2.52989,9.49916
3.89774,1.25256,0.666929,1.25256,-6.0765
5.70121,-0.141398,0.485295,-0.141398,-4.9056
4.70718,-1.84461,0.0290185,-1.84461,-9.7624
2.91687,-4.85212,0.571269,-4.85212,2.8058
4.33493,-4.41834,-0.552656,-4.41834,-9.62788
5.88112,2.00943,-0.721563,2.00943,-4.58051
5.57885,1.25783,-0.767751,1.25783,-7.13259
3.54976,0.952546,0.335552,0.952546,-3.56779
3.96558,-0.0102857,-0.0072419,-0.0102857,-7.20633
4.18495,-3.5373,-0.283496,-3.5373,-8.72491
4.83962,1.90335,0.137713,1.90335,-9.61203
4.03303,2.16119,0.35946,2.16119,-7.29412
0.216161,-2.70416,0.943866,-2.70416,3.07497
6.13509,0.720519,0.00579115,0.720519,-1.44893
0.846538,-4.70579,-0.387066,-4.70579,7.0076
4.15133,-0.598224,0.84799,-0.598224,-7.4521
0.94937,-3.06509,0.642251,-3.06509,8.64891
5.64183,2.50123,0.94051,2.50123,-4.95367
2.71757,3.49672,-0.509483,3.49672,3.49164
4.14888,2.15378,0.26077,2.15378,-8.05399
0.139054,-2.92896,0.158739,-2.92896,1.54776
3.49527,1.17767,0.149568,1.17767,-3.25988
3.71153,1.89505,-0.542777,1.89505,-5.85501
0.0138362,1.55146,0.946541,1.55146,1.06675
0.0367109,-4.07084,0.415506,-4.07084,0.816267
1.46035,3.88827,0.372142,3.88827,10.0835
5.24603,0.343702,0.194827,0.343702,-8.25462
3.25121,-3.12693,0.979033,-3.12693,-0.0629158
1.01511,2.65664,-0.539686,2.65664,7.76771
3.04204,2.07937,-0.896857,2.07937,0.0573015
