theta,theta_dot,control,theta_next,theta_dot_next
1.99573,9.48526,-6.08728,2.09067,9.50221
4.51799,-1.77933,9.19606,4.50019,-1.78167
4.15937,3.00077,-0.00876431,4.18894,2.9135
3.0368,-0.449459,-6.82731,3.03201,-0.506764
1.44583,8.71999,-4.61613,1.53325,8.76283
3.47071,1.4242,-9.1793,3.48433,1.2987
2.5795,6.55839,-0.658936,2.64527,6.59475
4.02815,3.88759,4.57193,4.06685,3.85224
3.34061,0.41996,-5.29918,3.34444,0.347
2.95238,4.15715,4.7276,2.99425,4.21667
3.65211,3.73299,1.34459,3.68925,3.6932
6.05946,-9.87282,-9.37179,5.96018,-9.98308
4.08862,-7.47704,6.07272,4.0138,-7.48624
2.71692,4.01747,1.07683,2.75732,4.0628
5.38204,-6.83188,-0.037767,5.31336,-6.90433
0.00716015,-2.40503,8.8249,-0.0164374,-2.31488
2.66488,1.93911,-1.79935,2.6844,1.96333
0.354288,-1.55927,5.76666,0.339159,-1.46676
0.782049,-2.13738,-6.59896,0.760699,-2.13284
0.483063,0.707386,8.94482,0.490809,0.841953
5.28902,-5.24226,8.34755,5.23663,-5.23715
0.313739,6.87576,2.80837,0.382764,6.93041
4.9086,-0.93868,-8.88548,4.89829,-1.12282
2.76689,9.48984,6.38055,2.86222,9.57562
2.627,-8.30056,6.53908,2.54462,-8.17518
6.22917,0.00768025,0.362781,6.22924,0.00600869
4.06596,9.84154,8.3369,4.16434,9.83398
5.09512,3.30195,-4.92093,5.12742,3.15912
2.05011,7.8018,-6.93974,2.12818,7.80979
5.20475,4.49921,6.98377,5.24964,4.47918
0.869648,3.7242,2.33012,0.907367,3.81986
3.83027,-3.97925,-3.009,3.79004,-4.06613
5.47184,-1.79391,5.99112,5.45385,-1.80395
4.25105,0.460091,4.9598,4.25546,0.421307
0.101754,6.24756,8.22296,0.164669,6.33652
4.28574,0.172751,-7.94718,4.28663,0.00386128
5.43354,1.20053,6.68917,5.44551,1.19293
2.82265,-2.88283,2.97227,2.79415,-2.81817
0.793108,-4.33899,5.33257,0.750351,-4.21299
5.48726,-2.14183,-8.20459,5.46509,-2.2925
3.90402,-1.88004,-9.71213,3.88441,-2.04227
3.44273,1.52702,-8.30628,3.45743,1.4127
3.33874,-0.57869,6.26976,3.33318,-0.53438
0.89304,2.51225,7.28421,0.918899,2.65971
5.60238,0.335014,6.15751,5.60572,0.334636
1.70027,-5.78017,-0.0152884,1.64298,-5.677
1.81999,-6.39275,9.28448,1.75703,-6.19783
1.96648,0.83999,-3.81371,1.97513,0.891344
1.69882,2.80551,-3.07757,1.72719,2.86901
2.64223,-5.17359,4.91898,2.59101,-5.07011
0.807198,3.0501,-6.01341,0.837741,3.05879
2.33674,8.34356,-5.27753,2.42022,8.35022
3.63369,-0.221315,0.452658,3.63127,-0.262794
3.25788,-7.29289,9.06111,3.1854,-7.20286
1.4361,4.77993,3.32351,1.48453,4.90581
5.39867,-1.34854,1.67448,5.38489,-1.40673
3.62414,-3.19809,-0.472782,3.59192,-3.24372
0.645413,6.49967,-6.7742,0.710342,6.48695
1.10439,-7.74634,-2.81211,1.02726,-7.68092
3.68232,-4.58265,-7.10563,3.63592,-4.6976
2.82116,-1.28109,2.48171,2.80864,-1.22354
0.54636,-0.687898,-2.05057,0.539636,-0.657044
1.57888,-2.47521,6.23693,1.55494,-2.31235
3.83434,-0.638523,-4.66742,3.82742,-0.746901
1.56666,2.34871,3.47321,1.5908,2.47913
2.52626,6.51291,6.04747,2.59194,6.62078
2.03592,-3.41698,0.938623,2.00226,-3.31582
1.8893,7.53062,8.73106,1.96546,7.70223
4.70278,-8.28302,-1.27349,4.61943,-8.38536
1.34478,5.56033,0.505675,1.40086,5.65595
3.83606,3.31584,-0.311355,3.86887,3.24544
4.79881,9.51158,3.3979,4.89356,9.4389
5.11205,-9.09497,-5.50676,5.02041,-9.23286
1.4464,7.50139,5.06386,1.52212,7.64217
1.09017,-3.35333,6.61783,1.05742,-3.19766
2.52016,-4.57673,-5.65154,2.47443,-4.56975
3.91765,2.60939,-9.47662,3.94291,2.4425
3.78085,1.68835,-5.37473,3.79716,1.5738
3.76919,9.33897,-6.95531,3.86189,9.19894
6.12498,-4.61042,7.57788,6.07919,-4.54774
0.686216,-6.88594,-0.285484,0.617678,-6.82244
4.34549,-8.26507,1.52987,4.2625,-8.33149
1.10316,7.55284,0.749391,1.17913,7.64189
2.10769,-2.22538,-2.49382,2.08575,-2.16328
4.74117,-7.18,7.99986,4.66931,-7.19089
1.63313,-2.59367,-7.12925,1.60734,-2.56441
4.96119,-4.82243,3.23565,4.91268,-4.88084
4.08177,6.80751,-8.89537,4.14897,6.63072
1.25701,-0.357959,2.42295,1.25402,-0.240169
3.88004,6.58773,0.852443,3.94559,6.52133
5.01455,6.11362,5.9761,5.07549,6.07458
4.65843,3.50552,0.84441,4.69302,3.41247
0.553779,6.22389,1.18663,0.616313,6.28367
4.42052,-5.4389,1.43634,4.36576,-5.5122
0.12886,7.19679,4.70314,0.201102,7.2527
0.443139,-1.9653,-3.05485,0.42355,-1.9527
2.92245,9.68631,-5.47964,3.01908,9.63852
3.40382,-1.91398,-1.61991,3.38448,-1.95276
5.06174,6.09437,8.36506,5.12261,6.08084
3.60438,0.438237,1.91759,3.60864,0.413002
0.708878,1.16461,6.40337,0.721159,1.29172
0.729903,6.33893,5.46424,0.793869,6.45487
0.21798,8.0777,-9.24419,0.298374,8.00226
2.26912,8.24185,-4.88031,2.35162,8.25725
0.265584,-9.6032,4.00653,0.169914,-9.53239
0.476794,-9.61878,-6.66977,0.380531,-9.63509
3.22048,-7.72471,-6.565,3.14292,-7.78655
6.17493,-5.76099,6.86496,6.11763,-5.7
2.75729,5.61455,-9.62187,2.8131,5.54697
0.805695,2.95635,-2.29742,0.835486,3.00216
2.28406,8.00099,8.1591,2.3648,8.14603
5.06251,2.73476,0.48142,5.08941,2.64521
0.90151,0.0634855,4.64711,0.902761,0.1868
2.62768,-8.58482,-6.59265,2.5418,-8.59033
4.83729,-1.58301,7.22814,4.82134,-1.60657
1.2036,5.21175,5.62566,1.25643,5.35516
0.872263,-7.18849,-4.61298,0.800551,-7.15465
2.09191,1.61016,6.1403,2.10874,1.75455
0.403263,-5.4737,-4.73136,0.348501,-5.47953
1.6384,9.15024,-7.79128,1.72995,9.16061
4.30639,1.29084,-8.14494,4.31843,1.11782
4.85251,3.90754,-2.35291,4.89096,3.78332
4.07151,2.48266,-0.260901,4.09592,2.39827
1.79491,1.82836,-3.34345,1.81349,1.8885
0.960518,-9.81882,9.37876,0.86324,-9.63778
5.9373,4.34307,-4.00438,5.98035,4.26746
4.52385,6.99367,8.99382,4.59372,6.9797
1.47127,-5.85223,8.08975,1.41367,-5.6683
0.978953,-3.84561,7.25503,0.941282,-3.68893
2.16939,8.62958,-4.76271,2.2558,8.65187
5.7898,-6.47571,3.41285,5.725,-6.48433
2.39249,3.95071,-5.68395,2.43202,3.95528
4.45234,-7.94105,5.25126,4.37277,-7.97428
4.72659,-1.74244,-8.74938,4.70825,-1.9262
1.17919,7.57801,6.02823,1.25569,7.72265
3.45784,7.75117,8.05916,3.53555,7.78989
0.921107,8.40814,5.1978,1.00581,8.53217
5.52118,-3.46583,1.41936,5.48627,-3.51709
1.88368,-2.19273,-3.78835,1.86204,-2.13479
1.9154,6.31838,-0.577466,1.97898,6.39747
5.0143,-1.82555,4.31719,4.9958,-1.87446
1.48861,1.98706,-5.96446,1.50866,2.02325
0.87301,4.25038,-8.01844,0.915472,4.24244
3.62632,-7.42328,-1.89176,3.55181,-7.47718
0.737606,3.81948,0.793725,0.776156,3.89091
2.7058,-5.13242,-2.23741,2.6546,-5.106
4.53927,-2.75804,1.27384,4.51128,-2.83889
3.79302,-3.51292,9.62041,3.7581,-3.47133
1.86325,6.47511,-9.06396,1.92798,6.47095
4.86998,-9.8219,-2.66063,4.77119,-9.93611
3.35857,6.06919,8.01426,3.41951,6.11922
2.12637,-6.48492,-3.92713,2.06178,-6.43277
2.51225,8.8137,4.43624,2.60084,8.90337
0.75632,-5.42811,-3.05679,0.702243,-5.38791
5.0952,7.65713,-6.00785,5.17098,7.49995
3.98592,-1.24879,-6.82297,3.97273,-1.38861
4.55781,-7.37392,3.3874,4.48379,-7.42893
2.70027,2.31225,-6.26621,2.72328,2.28816
2.15722,-1.7109,-0.923139,2.14049,-1.6363
1.84938,-2.51691,-2.24647,1.82459,-2.44225
0.320006,-2.23501,4.08916,0.298022,-2.1621
2.15113,-5.32555,-0.571745,2.09829,-5.24256
1.42458,9.18011,-3.97469,1.51662,9.22874
3.10975,-9.2556,-7.77524,3.01688,-9.3164
5.56046,-1.84451,3.42935,5.54187,-1.87393
0.548716,6.6708,-2.59767,0.615525,6.69207
3.04346,-7.12058,-2.87258,2.97221,-7.1291
4.80995,-8.32797,2.40717,4.72634,-8.39346
0.511391,6.27795,-6.71505,0.574053,6.2552
4.13772,-4.70949,8.22424,4.09065,-4.7036
5.15478,-6.56499,-6.02152,5.08842,-6.70854
6.22287,7.89278,4.04686,6.30195,7.9233
1.25673,-6.15193,2.19161,1.19581,-6.0316
3.55275,-6.47085,3.9471,3.48809,-6.46118
1.222,-0.671357,1.16776,1.21581,-0.566974
2.58989,-4.3254,1.47282,2.54699,-4.25319
4.44629,1.51684,-5.22034,4.46072,1.36836
1.80655,-5.14411,-7.95517,1.75521,-5.1226
2.69001,-6.06104,1.46768,2.62972,-5.99489
2.0751,4.49789,-4.19904,2.12028,4.53617
1.6591,-1.32374,-0.0383254,1.64636,-1.22507
5.7562,8.56779,3.62294,5.84178,8.54981
2.81335,9.07531,6.80556,2.90454,9.1616
2.2283,-3.87309,-4.8205,2.18973,-3.83865
4.59804,-3.82586,4.21767,4.55953,-3.87705
0.728091,-7.36355,-0.649352,0.654777,-7.30018
4.91786,1.95793,-4.18363,4.93674,1.81837
6.10769,3.88924,6.06218,6.14679,3.93071
5.27067,4.32651,-5.81507,5.31321,4.18204
1.67988,0.43969,-3.41538,1.68459,0.502557
5.1014,7.95248,6.27649,5.18075,7.91812
2.07531,0.36925,-7.32111,2.07906,0.381453
5.89281,0.275414,-1.14711,5.89532,0.226479
4.48502,4.89109,1.37756,4.5335,4.80394
1.59024,7.19453,-6.15318,1.66233,7.22372
5.10087,-8.01165,-4.41473,5.02011,-8.13991
1.41792,-2.24121,-0.319345,1.39599,-2.14543
3.28133,-7.047,-4.00887,3.21063,-7.09024
3.70731,9.78861,-7.44361,3.8045,9.64792
1.87238,-7.32591,-2.72461,1.79949,-7.25121
1.3528,4.41617,-1.88966,1.39733,4.48904
1.87788,-2.30754,-4.2282,1.85507,-2.2537
3.09319,-7.75616,9.20117,3.01616,-7.64792
4.39625,-8.82556,2.04933,4.30768,-8.88798
2.06538,3.15357,2.72046,2.09746,3.26315
0.526164,-9.5539,-6.4601,0.430583,-9.5638
0.530113,-2.74751,-1.18684,0.502837,-2.70821
5.8582,8.82058,1.37593,5.94624,8.78908
0.402513,-1.20438,-5.46901,0.390392,-1.21998
4.05084,-3.02364,1.48844,4.02031,-3.08217
4.52924,-3.90415,5.40542,4.49001,-3.94226
3.2582,0.713394,4.25722,3.26549,0.743472
4.3723,-8.98761,-2.16719,4.2819,-9.09112
0.310318,1.37508,4.52071,0.32444,1.44949
1.18087,-5.09873,-3.8108,1.13016,-5.04202
0.290277,-3.20438,-0.0740514,0.258381,-3.17536
2.41224,-8.20351,-4.11133,2.33038,-8.16815
2.8313,-4.59417,3.32414,2.78571,-4.52429
0.0631795,7.59404,2.63519,0.139257,7.6227
3.55985,6.90913,5.90566,3.62899,6.91836
6.14885,-4.07008,-4.24574,6.10788,-4.12356
6.23647,-2.99823,-2.24656,6.20637,-3.02374
3.31397,-4.2675,5.55355,3.27152,-4.22249
1.18163,-9.29919,-1.4265,1.08907,-9.21529
1.85174,1.69677,8.8897,1.86961,1.87789
5.43973,-0.00817236,-9.49729,5.43881,-0.176349
1.75874,-5.90965,7.43031,1.70053,-5.73267
0.103456,-2.52396,9.11452,0.0787308,-2.42142
1.98233,-3.24499,8.06313,1.95076,-3.07068
0.637852,-9.78684,-5.31593,0.540046,-9.77575
4.92365,-1.94441,6.78154,4.90407,-1.97075
2.29644,6.04908,8.40745,2.35768,6.19838
3.98209,2.65144,7.56247,4.0086,2.65047
3.77852,1.04643,-4.53329,3.78846,0.941363
4.00454,-7.79639,6.96764,3.9266,-7.7909
1.00356,-4.5541,8.15201,0.958857,-4.38659
2.73076,4.23878,6.78753,2.77365,4.33961
4.08172,1.4608,-5.24496,4.09567,1.32732
3.49585,-4.415,2.50242,3.45169,-4.41755
5.15365,2.57953,6.72056,5.17933,2.55601
3.82431,-1.23535,8.80103,3.81209,-1.20754
0.437597,5.16025,-0.137492,0.489382,5.19755
0.107664,5.50366,-2.98728,0.162586,5.48151
3.8809,6.28012,-1.07401,3.94327,6.19482
2.04002,8.29468,6.37998,2.12368,8.43566
5.90211,-9.75018,-4.73928,5.80422,-9.82866
2.8545,9.04701,-7.02297,2.94469,8.99125
5.64176,3.54068,-2.86499,5.67672,3.45123
2.02828,4.31659,-1.27935,2.0718,4.38649
4.88258,-1.39729,-9.5608,4.86765,-1.58821
3.92852,-5.22582,0.668656,3.87598,-5.28151
2.8757,0.0119203,0.323474,2.87596,0.0408965
0.280096,7.09183,4.59364,0.351355,7.16109
0.338069,-0.533853,-7.87708,0.332501,-0.579785
0.700617,3.79031,6.39083,0.739142,3.91503
6.04288,-7.38932,7.50666,5.96927,-7.33372
4.69912,8.70573,-8.17556,4.78524,8.51733
0.399291,-0.668538,7.79904,0.393189,-0.552084
5.02355,9.48822,2.61368,5.11806,9.41307
5.11841,-1.08652,-2.25782,5.10699,-1.1983
5.17256,-4.01992,2.86649,5.13208,-4.07596
0.286602,9.86852,-4.63863,0.38516,9.8446
5.69317,-4.21483,-3.12185,5.65061,-4.29808
3.97855,-8.87117,5.96659,3.88982,-8.87248
1.0281,-3.62361,-1.76286,0.992213,-3.55457
4.52431,1.37228,-8.0221,4.53714,1.19429
1.84945,-9.81718,9.84736,1.75229,-9.61351
4.68719,3.54224,3.65146,4.72229,3.47715
4.5891,-9.62147,-7.25554,4.49209,-9.78094
5.38965,-5.86618,7.97776,5.33103,-5.85874
3.62277,8.28633,-5.30995,3.70509,8.17606
5.83883,2.26138,7.85601,5.86161,2.2965
0.436068,-9.89351,1.9156,0.33747,-9.82751
2.78353,-5.75376,7.76262,2.72659,-5.63345
1.95381,7.51781,3.00119,2.02955,7.62977
0.813013,-8.16138,-1.77688,0.731698,-8.10258
5.90758,2.04928,5.01271,5.92814,2.0623
0.192271,-8.76716,-1.30888,0.104658,-8.75698
2.76203,-0.90984,0.44021,2.75315,-0.867794
5.16749,8.05547,2.61259,5.2477,7.98728
4.24981,6.93919,5.1572,4.31898,6.89461
5.73021,8.23313,9.91159,5.81275,8.27597
3.58818,5.26873,5.93191,3.64091,5.27809
5.81433,-2.15998,-4.34019,5.7923,-2.24646
1.38843,7.14097,-4.26213,1.46007,7.18821
2.64066,-0.597822,7.36815,2.63529,-0.476253
1.29475,3.35298,9.16706,1.3292,3.53603
4.34719,-5.09589,-9.15898,4.29535,-5.27298
3.54705,0.844504,-9.64923,3.55481,0.708181
4.37352,-8.73814,3.60128,4.28591,-8.78434
2.47383,5.1956,3.50122,2.52623,5.28408
1.02842,8.49741,-4.04713,1.11358,8.53449
4.22055,6.6798,9.59951,4.28736,6.68116
5.21348,-8.71783,-7.97043,5.12551,-8.87673
2.07961,2.47179,-3.32913,2.10457,2.52108
0.349156,8.99946,-0.547739,0.43926,9.02264
2.15677,1.08516,-9.80028,2.16753,1.06752
4.86719,-3.77888,3.67733,4.82912,-3.83549
3.87378,-8.96551,7.71516,3.78424,-8.94163
5.32303,-7.15979,-7.20243,5.2507,-7.30691
2.47601,-9.01394,7.7952,2.38662,-8.8631
0.113893,7.84862,8.33749,0.192825,7.93908
0.362428,-3.84367,8.88813,0.324622,-3.71798
5.15141,7.70673,-0.564594,5.22797,7.60632
5.07281,0.0070287,-4.67963,5.07219,-0.131509
5.92214,6.52721,-5.59765,5.98694,6.43311
3.96221,6.30248,2.47346,4.02497,6.24712
0.191388,-3.34638,8.73837,0.158466,-3.23864
5.63085,-3.63548,-1.22325,5.59415,-3.70501
3.90642,-8.13174,-9.92305,3.82431,-8.28771
0.249392,-2.74377,2.56727,0.222213,-2.69246
0.897268,-6.50338,5.57392,0.832922,-6.36655
4.05196,-4.06007,6.84924,4.01134,-4.06374
2.38539,2.09474,-5.32171,2.4064,2.10599
3.43028,-0.223067,-6.29105,3.4276,-0.313519
4.01649,-1.09757,-4.96269,4.0049,-1.22097
0.236791,-6.8935,7.8838,0.168388,-6.78809
6.03663,-0.847318,-9.46515,6.02757,-0.965428
2.74583,4.96985,7.23597,2.79605,5.07273
3.28827,5.65006,-9.09177,3.34421,5.53649
2.72057,1.04775,6.83721,2.73159,1.15463
5.90284,-1.20235,-6.28703,5.89033,-1.30095
4.66979,-5.6398,3.87124,4.61313,-5.69326
0.540862,-1.73416,1.17247,0.523838,-1.67095
2.43398,3.00356,1.74011,2.4644,3.08055
4.69513,8.22931,-9.11535,4.77643,8.03198
3.54709,-6.63224,-9.80908,3.48013,-6.7593
2.47253,-2.42206,4.37122,2.44884,-2.31422
6.12255,4.12368,6.73659,6.16404,4.17321
2.39808,3.26297,8.88753,2.43147,3.4137
3.50598,7.52526,-6.48762,3.58069,7.41456
2.47935,5.92847,-3.35064,2.53873,5.94701
2.15006,-0.280604,7.26802,2.14803,-0.125563
0.968657,-0.190065,8.26117,0.967574,-0.0265356
4.66795,1.80567,-7.67633,4.68512,1.62915
3.56525,5.56777,-5.7962,3.6204,5.46152
1.31607,3.15827,-2.44988,1.34799,3.22589
6.15288,-3.08056,-2.90185,6.12188,-3.12073
5.72473,-2.82621,7.44929,5.69659,-2.80205
0.717495,-1.65418,9.25904,0.701745,-1.4961
4.20336,6.87015,7.64455,4.27198,6.8525
3.55507,5.64689,8.27381,3.61172,5.68203
3.99466,9.87418,-0.481408,4.09295,9.78258
2.71769,3.49008,7.25092,2.75314,3.59781
0.308879,5.29301,-9.1653,0.361482,5.22837
5.67039,3.48823,0.622887,5.70501,3.43598
0.285646,-2.34851,-3.8403,0.262115,-2.35803
1.35104,3.00047,-3.24097,1.38135,3.06108
3.98615,-0.0682943,-3.8162,3.98491,-0.179645
0.565328,9.61781,-6.41092,0.661413,9.60054
4.83565,-6.6314,-5.11625,4.76863,-6.77355
2.95319,-2.53319,-9.37037,2.9275,-2.60472
0.0780385,-7.1878,-2.41025,0.00610238,-7.20059
2.87711,-8.59325,-2.3686,2.79125,-8.57867
1.28014,9.39667,-4.81855,1.37429,9.43424
3.14584,9.85609,2.8888,3.24447,9.86987
5.2225,0.522072,-7.70248,5.22691,0.359109
1.02806,-0.869711,2.45595,1.01991,-0.760546
1.88692,4.24219,-6.58763,1.92945,4.26463
5.55156,-0.499771,6.51392,5.54656,-0.499853
2.49525,6.05032,-2.78593,2.55587,6.07307
0.167671,-9.62272,6.49914,0.0718834,-9.53643
2.34174,0.340194,7.22002,2.34586,0.482213
6.19137,-6.14084,-0.122249,6.12993,-6.14791
0.800016,-4.69007,-5.6661,0.753202,-4.67331
3.95661,1.0061,-2.63715,3.96618,0.907051
6.13746,8.28714,-7.96698,6.21984,8.18901
4.32558,3.85624,4.69503,4.3639,3.80782
3.76813,-3.08979,8.84786,3.7374,-3.05453
5.60934,5.16361,7.44703,5.66102,5.17371
0.522176,-1.13391,-4.85467,0.510843,-1.13288
0.782555,-5.66843,-4.95629,0.72599,-5.64517
6.09953,5.96589,-0.738872,6.15904,5.93751
2.92975,-9.04158,-0.275191,2.83949,-9.01037
2.93675,-9.36115,2.70039,2.84344,-9.30041
3.7109,-3.20504,3.15117,3.67876,-3.22186
5.72292,4.71193,-8.56022,5.76934,4.57152
5.36852,-7.50597,-2.50479,5.29298,-7.60338
4.77549,6.70029,-7.27737,4.8416,6.52328
3.30712,9.0198,3.72391,3.39737,9.02751
1.48689,-8.7128,-2.01314,1.4002,-8.62699
5.78824,4.43516,-9.74929,5.83185,4.28862
1.89094,9.11744,-0.26751,1.98251,9.19719
1.44308,-9.26594,6.5756,1.35128,-9.09441
1.54362,6.88798,6.78979,1.6133,7.04699
0.573723,-9.1168,1.18142,0.482913,-9.04647
3.34554,-3.63651,-6.26157,3.30879,-3.71356
1.23516,-6.86249,-5.15997,1.16677,-6.8158
4.75054,6.48579,-4.78779,4.81464,6.33366
5.49584,-0.0801887,6.46126,5.49502,-0.0850236
0.464885,-4.87856,-7.87388,0.415943,-4.91059
4.63427,0.976866,-0.535454,4.64352,0.872751
5.45441,2.69642,-0.643311,5.48097,2.61592
1.52574,-6.57264,-4.17613,1.46033,-6.51007
5.37342,0.0528503,-6.89629,5.37322,-0.0935271
5.65523,2.55863,2.13879,5.68063,2.52087
1.3657,7.89533,-5.2042,1.44484,7.9321
0.350473,6.33687,-4.23703,0.413777,6.32475
0.250981,-6.29158,9.03573,0.18866,-6.17361
3.60618,9.62364,5.11193,3.70239,9.61704
6.04915,-6.96429,-3.82,5.97923,-7.02156
4.81119,3.1634,-1.70647,4.84223,3.04577
0.259806,-4.81869,-8.2386,0.211349,-4.87333
6.17796,6.58185,-0.303197,6.24369,6.56516
0.324035,-6.1942,1.34604,0.262338,-6.14622
3.8862,8.32003,8.07038,3.96942,8.32301
2.49086,7.66251,-7.17867,2.56737,7.63946
0.22084,-3.76095,-5.64771,0.183068,-3.79397
4.5825,-3.63025,6.87258,4.54607,-3.6549
0.0159244,-6.63987,3.78932,-0.0502548,-6.59705
1.58041,3.30304,5.76058,1.6142,3.45532
2.91547,3.85042,8.8072,2.9545,3.95472
4.46257,-1.17196,-4.02598,4.45018,-1.30589
3.69495,-9.38617,-8.39416,3.60047,-9.50822
0.730342,3.82498,6.5443,0.769232,3.95338
3.52005,8.57609,8.38029,3.606,8.61119
5.74233,-0.750811,-0.147884,5.73456,-0.802345
3.77999,1.48858,5.57267,3.79486,1.48378
0.233952,-5.11986,2.68208,0.183019,-5.06765
5.21697,-7.25789,9.49947,5.14447,-7.24317
3.55619,-0.456484,-7.99133,3.55103,-0.575176
0.610723,0.368104,5.02849,0.614935,0.474386
4.68654,-0.178058,4.89821,4.68452,-0.226938
0.499537,9.25779,-4.04366,0.592115,9.25901
6.25682,1.18845,8.41606,6.26911,1.26939
6.25623,-5.26882,-8.82925,6.2031,-5.35704
1.43108,-2.4132,-5.91481,1.40715,-2.37298
4.87893,-4.30093,-5.85585,4.83516,-4.45218
5.27731,-4.72079,8.51091,5.23013,-4.71503
5.88528,-0.0400463,5.16495,5.88495,-0.0263918
5.86198,-8.8085,7.2394,5.77409,-8.77131
1.28511,2.82593,-5.52445,1.31355,2.86235
5.61542,6.22443,6.47358,5.67766,6.22463
3.18705,-1.06605,5.94286,3.17667,-1.00953
5.95474,1.46125,-7.68956,5.9688,1.35197
1.55476,-6.89566,4.23412,1.48654,-6.74854
3.21009,-7.82253,-9.84536,3.13139,-7.91598
0.232051,3.603,-0.458824,0.268158,3.61908
4.27032,7.36,-7.78115,4.34304,7.1848
4.15924,8.38146,-7.93254,4.24219,8.20832
3.57321,2.08046,1.71506,3.59388,2.05359
2.39327,6.17919,-4.63327,2.45512,6.19116
5.26756,-5.98761,-6.64883,5.20695,-6.13291
1.3931,-0.25695,3.35402,1.39119,-0.126681
4.06259,1.42682,9.93369,4.07695,1.44619
1.3387,0.986006,4.21627,1.34924,1.1227
4.88058,8.63914,4.63774,4.96668,8.58102
2.0637,1.08493,2.74084,2.07511,1.19736
5.41954,1.28351,3.23648,5.43216,1.24044
0.842892,-1.05301,4.49386,0.832957,-0.934171
3.25664,9.07358,-0.129563,3.34725,9.04756
0.686428,0.244828,1.8069,0.689276,0.324889
2.09924,7.93428,-2.09827,2.17885,7.98799
0.508647,2.69646,-1.99213,0.535741,2.72276
4.64191,8.48228,6.15091,4.72651,8.4373
5.19367,9.47479,-5.60477,5.28766,9.32466
3.28026,8.59042,-8.46063,3.36562,8.47958
5.75326,-9.87404,-5.34118,5.65404,-9.97122
5.65327,-9.74844,-0.577539,5.5555,-9.80601
1.2632,-0.875324,7.00371,1.25527,-0.711121
3.36152,5.24366,6.7336,3.41416,5.28183
5.9861,-2.34206,-0.174837,5.96254,-2.37127
2.06221,-6.65456,-8.42222,1.99571,-6.64417
3.8147,-2.26033,-8.67728,3.79137,-2.40503
4.05564,1.10525,-5.99866,4.06599,0.966223
3.1585,-8.98513,8.90577,3.06915,-8.88441
2.72181,-8.63205,3.63594,2.63593,-8.54332
2.69893,2.83139,4.10496,2.72764,2.91032
5.428,5.21922,0.880359,5.47985,5.15051
2.67527,-8.85773,6.44545,2.58729,-8.73656
6.27276,0.985695,9.05024,6.28306,1.07464
5.74984,-2.8259,-1.78783,5.72126,-2.89199
1.8848,-5.46015,-7.22852,1.83033,-5.4329
2.61127,4.28385,-0.588614,2.6543,4.32145
6.04821,-1.32594,4.92058,6.03509,-1.29889
3.21783,4.58991,5.11855,3.26391,4.62676
2.86355,9.54573,9.08963,2.95954,9.6494
5.08533,-7.87172,3.55305,5.00637,-7.92096
5.75834,-2.37044,0.676879,5.73444,-2.41144
1.37252,3.14775,-4.10393,1.40426,3.2
3.29614,-5.10098,6.26756,3.2454,-5.04586
6.20771,-2.05147,5.47861,6.18744,-2.00305
1.74525,-7.92941,4.27978,1.66669,-7.78158
4.17704,9.20923,1.92841,4.26875,9.13279
2.42083,-7.09781,-7.31905,2.34986,-7.0966
1.0284,1.00549,-1.82429,1.03878,1.07049
3.61687,-5.83712,-0.224544,3.5583,-5.87582
4.31568,-7.91456,-6.49905,4.2358,-8.06044
2.1637,0.969378,-4.46071,2.17358,1.00487
5.41093,-8.01606,0.967911,5.33048,-8.07591
0.304097,-3.09698,-3.76524,0.273097,-3.10362
3.38324,8.75363,-8.84409,3.47016,8.6289
4.54219,4.07024,1.77652,4.58247,3.98699
2.56367,-3.55389,8.2428,2.52883,-3.41296
1.32128,9.60485,-3.56921,1.41758,9.65561
0.966731,-4.77307,-9.73719,0.918937,-4.78628
0.101533,5.86602,-3.40956,0.160052,5.83886
4.83471,-8.40233,3.82314,4.75043,-8.45343
0.498276,-6.35088,-2.47724,0.4349,-6.32519
1.91448,3.5803,-5.81335,1.95044,3.61033
3.69489,-1.96078,5.21561,3.67529,-1.9574
0.875764,-5.70101,5.51559,0.819428,-5.56669
1.38815,7.77279,4.77549,1.46656,7.90977
0.708329,-8.90492,0.110629,0.619637,-8.83452
0.588155,2.08318,-4.80627,0.609011,2.0883
2.58843,-6.3078,-6.0367,2.52535,-6.30772
6.0107,9.81855,-5.64336,6.10844,9.7306
1.63181,7.97496,0.408379,1.71203,8.06859
0.479309,-2.16835,-7.8701,0.457466,-2.20058
5.73053,8.07939,-8.91508,5.81059,7.93414
3.71992,8.74943,9.30774,3.80755,8.77659
4.40549,7.56262,-0.493766,4.48058,7.45563
0.98591,5.52878,2.8621,1.04173,5.63507
6.23657,1.95758,-7.44654,6.25574,1.87757
0.127921,8.47704,7.68157,0.213109,8.56197
0.37341,-4.84365,-0.584974,0.32514,-4.8111
1.18496,-7.82652,-2.09377,1.10708,-7.75031
3.71834,-7.2479,8.52862,3.64607,-7.20586
1.55137,-4.83871,-4.02715,1.50329,-4.77618
3.20114,0.960787,-6.19149,3.2104,0.891648
5.06731,5.33088,-6.87476,5.1198,5.16584
3.9416,-4.09544,-3.88909,3.90012,-4.19913
3.0544,9.53513,-1.17872,3.14967,9.51769
5.26265,-0.559094,8.9161,5.25709,-0.553139
3.00849,-8.11644,-6.07253,2.92714,-8.15208
6.24268,-6.69249,-6.77824,6.17542,-6.7608
2.87273,-5.47326,0.476689,2.81819,-5.43441
0.653514,-5.12479,4.41443,0.602803,-5.01794
2.73188,0.245012,-7.613,2.73414,0.207629
6.07873,-1.29121,-2.64864,6.06559,-1.33692
5.90062,4.10507,-2.55126,5.94135,4.04073
6.0702,-9.96435,-4.48105,5.97026,-10.0246
0.135281,4.93386,3.95525,0.184867,4.98409
4.34275,8.99429,-4.01515,4.43198,8.85227
3.6262,-4.53129,-7.55818,3.58031,-4.64599
1.03789,-4.13036,-9.68714,0.996543,-4.13965
0.69531,6.91118,-6.84991,0.764368,6.90117
0.791812,0.936267,-6.27152,0.801206,0.942745
0.959182,6.62376,-3.17912,1.02564,6.66745
5.17711,3.53367,0.144551,5.212,3.44472
3.26794,-7.69764,0.594051,3.19098,-7.69261
4.85531,9.28722,1.81776,4.94774,9.19984
0.601215,-0.295634,1.51018,0.598612,-0.224892
5.95155,6.24956,-8.60859,6.01344,6.12825
0.95213,-9.85421,4.95861,0.854275,-9.71784
6.18595,-0.628485,-1.84382,6.17952,-0.656117
2.93155,-9.31937,-4.05952,2.83831,-9.32575
3.26512,-8.63542,-1.09886,3.17871,-8.64563
5.16033,8.98527,7.98935,5.2501,8.96979
4.16821,4.26099,1.53045,4.21046,4.18709
2.57071,-7.32932,-0.699557,2.49769,-7.27303
2.9948,8.96367,-8.13637,3.08404,8.88337
3.85473,-0.727887,8.83921,3.84758,-0.70269
0.183379,1.64417,-2.22026,0.199793,1.63901
0.0806073,-3.62801,-6.09367,0.0440744,-3.67918
3.91758,-4.16504,4.88412,3.87586,-4.17926
4.89093,-4.34246,-9.42358,4.84657,-4.52916
3.19292,-0.453081,-8.28215,3.18795,-0.540202
0.462182,9.85649,9.27548,0.561394,9.98733
3.17642,-3.29283,-0.683349,3.14346,-3.29817
5.9744,-7.6245,0.470316,5.89805,-7.64551
0.218995,7.96255,-9.3815,0.29823,7.8859
1.60863,-9.66645,7.00756,1.51285,-9.48874
1.46067,-3.18342,-9.10898,1.42888,-3.17401
5.35508,2.3719,5.66683,5.37868,2.34838
3.2346,3.49326,-6.36152,3.26914,3.41538
5.86403,9.59113,3.02005,5.95986,9.57618
2.30853,-7.1529,-6.64162,2.23708,-7.13728
4.5946,-9.29467,6.72572,4.50155,-9.31485
0.578214,-4.7897,-9.0936,0.530148,-4.8242
2.57292,3.73899,-1.70264,2.61047,3.76947
2.15071,-0.355349,5.92532,2.14787,-0.213667
1.75584,9.75649,-5.90468,1.85354,9.78306
3.97842,9.92732,-8.35564,4.07685,9.75795
0.670393,-6.15924,8.96468,0.609576,-6.00495
0.432415,4.69033,-6.01351,0.479207,4.6687
6.24347,-9.84749,-0.379728,6.14499,-9.85015
3.5658,5.37515,2.14363,3.61942,5.34847
6.17261,7.85201,-7.72725,6.25066,7.75992
3.95046,3.16583,-6.084,3.98144,3.02987
0.498821,2.4017,-5.46971,0.522791,2.39256
4.08055,4.897,-9.63394,4.12861,4.71532
4.4161,8.1915,3.38395,4.49767,8.1223
1.57009,-2.21877,-9.24179,1.54794,-2.21089
0.605737,0.089475,2.20198,0.60702,0.167268
1.95378,-0.960741,5.29438,1.9449,-0.81575
3.16711,6.52815,8.62667,3.23277,6.60214
4.20898,-3.00358,9.93342,4.17903,-2.98646
5.13354,8.89018,6.47596,5.22228,8.85843
1.28683,7.16255,4.10707,1.3591,7.29148
4.56154,9.4138,-2.1766,4.65504,9.28515
5.13111,4.32845,8.33931,5.17434,4.31878
1.26344,6.32746,0.140173,1.32716,6.41687
5.94797,6.4711,-9.16274,6.01204,6.34379
5.4782,3.57689,-8.09761,5.51319,3.42292
5.57574,8.08876,8.24423,5.65669,8.10243
3.8777,2.47794,1.55606,3.90221,2.42429
2.0222,-4.35123,-6.22457,1.97884,-4.31996
5.2691,9.34021,-3.4033,5.36188,9.21614
5.39519,-2.37801,6.63268,5.37137,-2.38614
5.04148,6.66578,6.38498,5.10797,6.63127
1.38903,-9.76634,-4.68466,1.29166,-9.70798
0.774178,-7.69203,-4.30469,0.697414,-7.66158
5.31292,-4.48039,-3.46715,5.26756,-4.59268
5.88697,8.83291,0.921749,5.97512,8.79949
1.1938,6.16017,-7.72023,1.25544,6.16907
1.81274,-0.876069,-4.58156,1.80423,-0.825691
2.68299,-8.46548,4.41122,2.59882,-8.36587
5.27363,-4.75288,4.60379,5.22594,-4.78634
2.49229,9.64234,0.303248,2.58896,9.69116
3.38893,-1.69239,2.13466,3.372,-1.69256
0.122146,-3.77422,3.36243,0.0846446,-3.72673
2.95943,7.38061,8.28249,3.03369,7.47019
0.779089,0.547502,5.13912,0.785163,0.667418
5.54544,-9.18393,5.21177,5.45357,-9.19185
5.56286,-7.38736,-0.917777,5.48864,-7.4565
0.119097,-6.39987,7.68369,0.0555623,-6.30814
0.747161,-2.19085,-5.70633,0.725308,-2.17985
2.54638,-1.85539,0.347347,2.52813,-1.79435
0.256141,7.31204,5.65259,0.329643,7.38953
0.580167,-6.28583,5.34831,0.517867,-6.17494
0.713586,9.24786,2.99081,0.8065,9.33604
1.70127,6.10165,-7.67606,1.76236,6.11559
0.16232,-4.06765,-4.94646,0.121489,-4.09915
0.995617,3.63481,2.71798,1.0325,3.74158
3.80671,7.5426,2.44578,3.88191,7.49615
3.81162,6.47218,-7.35699,3.87563,6.32886
0.672596,-1.36347,6.42472,0.659593,-1.23732
2.83374,-1.3669,-2.92099,2.82008,-1.36438
6.17574,-4.02728,-5.47371,6.13515,-4.09045
0.497929,4.4935,6.47266,0.543405,4.60247
4.0025,-0.361416,-7.23872,3.99815,-0.50764
6.07334,5.28353,5.37076,6.12633,5.31406
3.79079,-7.73069,-7.10447,3.71288,-7.85016
1.58674,5.55065,6.58875,1.64304,5.7089
3.30547,5.51165,8.78309,3.36091,5.57526
5.44267,-7.43597,7.69941,5.36835,-7.42699
0.955336,-5.97943,2.74242,0.896103,-5.86771
4.0614,-0.283399,-4.65979,4.05794,-0.407592
2.13552,3.11564,0.930999,2.16712,3.20382
6.08274,-6.71628,5.72801,6.01579,-6.67504
1.21147,4.44134,-3.4952,1.25615,4.49449
5.19921,-7.29103,2.87571,5.12604,-7.34325
1.79003,-0.504554,-0.168907,1.78546,-0.409984
5.37071,-0.228382,4.53323,5.36827,-0.260476
0.104043,3.85009,-0.985964,0.142532,3.84845
1.47405,3.95558,-1.59115,1.514,4.03348
4.85833,-4.2496,5.32008,4.81564,-4.28946
4.60315,9.42854,-4.90559,4.69665,9.27226
4.18219,-7.22345,8.33832,4.10999,-7.21561
3.6076,-6.85687,0.627594,3.53889,-6.88476
5.83213,1.45494,-8.17673,5.84605,1.32964
4.11098,-8.14593,-6.43538,4.02884,-8.2806
0.209576,3.5459,7.91039,0.245521,3.64353
3.06867,-9.16019,-0.409507,2.97715,-9.14352
1.91337,-4.54428,9.17428,1.86887,-4.35498
4.63254,-0.721531,-3.4595,4.62467,-0.853095
1.93469,3.02816,-0.627254,1.96538,3.10994
6.0529,5.77442,0.34561,6.11053,5.75248
1.03071,6.53099,-1.45813,1.09634,6.59557
3.61091,0.069317,-5.00122,3.61113,-0.0251018
4.12782,1.68475,9.83399,4.14474,1.69914
4.15547,0.0327204,-5.54028,4.15511,-0.105918
3.12473,9.75163,-7.69705,3.2218,9.66184
3.51508,7.64371,-4.99269,3.59104,7.54696
2.16833,5.44821,7.43524,2.22356,5.59658
0.10621,-1.69519,-1.08758,0.0892615,-1.6948
2.73176,6.03551,2.39734,2.79239,6.08976
0.148766,6.35613,0.616259,0.212409,6.37355
6.24982,7.7668,-9.35196,6.32698,7.66608
0.185247,-9.23217,-9.95956,0.0925488,-9.30891
0.507743,1.73393,6.51379,0.52564,1.84573
1.31987,9.9837,3.48105,1.42031,10.1046
1.02221,7.07278,2.93871,1.09347,7.1805
2.35802,6.4996,-6.19304,2.42301,6.49811
4.28764,1.7508,2.50701,4.30481,1.68442
6.26897,0.151282,1.8231,6.27057,0.168036
0.623328,7.19364,-3.35982,0.695356,7.21292
0.960919,6.35145,-0.0867653,1.02481,6.42634
3.59673,7.24458,-6.77565,3.66857,7.12338
1.77427,-4.73204,-1.88243,1.72736,-4.64967
5.6132,3.21541,-0.942929,5.64499,3.14313
5.56702,-8.45645,-1.7099,5.48208,-8.53251
0.992103,6.50228,8.95414,1.05796,6.66906
2.12805,-6.61599,-1.32258,2.06227,-6.53773
4.72834,-5.99432,-4.91096,4.66769,-6.13544
2.95269,8.03866,-0.157995,3.0331,8.04357
1.66057,-8.68316,7.4289,1.57465,-8.50231
3.52557,-9.59994,2.66768,3.42959,-9.59599
5.34166,-2.3022,2.00023,5.31835,-2.35984
0.0315409,6.47552,-3.95291,0.0960922,6.43579
2.73052,-7.60363,5.05581,2.65499,-7.50295
2.29032,-0.636832,-0.404367,2.2843,-0.566293
3.68627,-5.73798,-0.367848,3.62865,-5.78428
0.739953,-5.84324,-6.12824,0.681567,-5.83469
2.41476,3.46238,-0.349669,2.44967,3.5193
3.36997,9.74616,8.81091,3.4677,9.79767
3.15938,-2.0442,1.51394,3.13902,-2.02776
4.91784,0.836136,-7.37897,4.92534,0.665637
2.66836,-4.72911,2.4435,2.62145,-4.65323
2.60428,-0.505409,-3.54794,2.5993,-0.48997
4.8548,-9.29448,8.91306,4.76186,-9.29367
1.31137,-4.60902,4.61911,1.26601,-4.46409
4.75546,-9.91431,-3.93923,4.65568,-10.0418
0.240225,-5.65392,4.08444,0.184025,-5.58681
6.10647,3.49714,-0.50645,6.14132,3.47304
2.65941,-5.26262,-1.31388,2.60698,-5.22277
3.04229,-9.18236,-0.685437,2.95054,-9.16585
2.28807,-0.833122,0.482492,2.28013,-0.753316
5.51824,2.89527,6.34465,5.54716,2.88892
1.17024,7.44052,3.87564,1.24526,7.56346
1.66125,9.64618,-6.00451,1.75785,9.6736
0.875987,-9.52805,0.350797,0.781138,-9.44279
3.83627,5.08437,0.992662,3.88682,5.02457
4.81565,-0.904831,-2.3425,4.80601,-1.02491
0.891532,7.19015,-6.53628,0.96346,7.19607
4.00978,4.38663,5.00784,4.05349,4.3561
2.19273,3.78075,5.33437,2.23118,3.90887
4.68303,-5.00829,0.335423,4.6325,-5.09782
2.48821,6.01694,9.73114,2.54912,6.16539
5.70672,5.29883,8.46364,5.75985,5.32689
2.75123,-1.12879,-1.23026,2.74007,-1.10214
1.35494,5.70077,-4.21322,1.41219,5.74928
5.22105,7.71073,2.00165,5.2978,7.63931
5.68317,-0.232605,6.74785,5.68091,-0.220385
2.04071,-6.35643,9.93782,1.97812,-6.16199
1.7831,9.59559,8.77858,1.87992,9.76844
5.83369,1.97739,2.42594,5.85337,1.95793
2.85007,-8.88103,-8.21949,2.76105,-8.92199
4.33285,-6.55778,1.02414,4.2669,-6.63081
0.770814,2.89915,-0.172032,0.800128,2.96386
4.18047,-9.53369,-6.77438,4.08442,-9.67387
4.709,6.76401,-0.375637,4.7761,6.65551
5.70913,-8.10186,-2.57917,5.62774,-8.17607
3.32287,1.43229,-7.90874,3.3367,1.33346
0.317821,-9.94365,5.25321,0.218834,-9.85523
4.62053,7.91796,-5.90639,4.69889,7.75312
3.7681,-1.60838,2.16687,3.75185,-1.64195
5.72613,1.03165,-0.775176,5.73614,0.971454
1.07587,9.52547,8.74071,1.17196,9.6917
1.30268,-8.2619,-7.17892,1.22021,-8.23203
5.5059,4.57826,0.85291,5.55137,4.51506
4.95727,0.161787,8.04733,4.95881,0.146951
2.71942,-3.76361,-7.0574,2.68166,-3.78854
5.49337,1.06558,-6.46249,5.50335,0.930642
6.06271,-9.06475,9.93422,5.97248,-8.98214
5.88631,9.36998,5.48828,5.98006,9.38186
0.595217,9.88311,-4.87774,0.694043,9.88338
3.63913,0.58019,-7.3009,3.64433,0.45961
4.03519,-2.28901,-6.63022,4.0116,-2.42868
3.30328,-3.11418,1.03395,3.27213,-3.115
1.58549,8.41236,-2.3165,1.66995,8.47866
4.23276,1.12638,-7.99455,4.24318,0.95812
0.680708,-8.88756,-5.56619,0.591896,-8.87607
6.14493,8.48297,6.89405,6.23001,8.53403
2.81045,4.28974,-2.82136,2.85334,4.28713
0.824091,-2.84668,-8.80695,0.795555,-2.86086
2.19313,8.50707,-8.50359,2.27812,8.49072
2.9123,-8.78305,-8.22854,2.82423,-8.83006
4.86391,0.8947,1.43825,4.87244,0.811319
1.91612,-4.87606,6.81646,1.86819,-4.71003
3.62226,5.93398,4.95062,3.68158,5.92965
0.207457,3.5639,-6.17998,0.242876,3.52046
2.62484,6.54405,-1.04463,2.69043,6.57269
0.867202,-1.18477,9.11115,0.856189,-1.01811
6.24638,-1.80613,-2.43162,6.22818,-1.83313
4.46794,-3.48875,0.644238,4.43263,-3.57352
2.32069,9.96436,-7.36266,2.42027,9.94911
4.65739,3.4617,3.82461,4.69169,3.39849
3.4476,-5.81161,8.49112,3.3898,-5.74775
2.92016,-7.50957,-7.73401,2.84484,-7.55425
5.17352,7.11979,-2.74176,5.24411,6.99908
1.91927,9.97205,-3.70376,2.01921,10.0154
3.06228,7.72556,4.48106,3.13975,7.76661
5.8924,-2.00725,2.67827,5.87228,-2.01674
0.170718,0.537339,7.68267,0.176557,0.630522
3.64499,-8.59289,-0.325659,3.55886,-8.6311
5.49744,-5.24084,-4.88773,5.44446,-5.35561
3.10999,-5.47248,2.37606,3.05543,-5.43749
5.81598,-3.03748,-7.82017,5.78501,-3.1581
1.13664,-7.53162,-1.62722,1.06172,-7.45303
3.08883,-7.26063,1.66831,3.01638,-7.22798
4.11147,7.67732,-8.43489,4.18737,7.50243
4.62673,8.401,-5.06665,4.70996,8.24404
2.34321,4.38655,-0.530884,2.38737,4.44556
4.37863,-8.96783,-0.742563,4.28851,-9.05736
4.39884,7.30371,4.70091,4.4716,7.24911
6.14224,-2.15169,5.72057,6.12095,-2.10718
3.28187,3.46046,2.24646,3.3165,3.46407
0.793623,-9.07623,-2.30551,0.70313,-9.02351
3.71474,-0.787667,-1.94215,3.70651,-0.859128
3.29477,-8.36193,-8.38826,3.21072,-8.44829
0.560564,-6.4079,1.67219,0.496853,-6.33533
2.88084,-4.99373,5.37906,2.83133,-4.90736
4.26999,7.16277,-2.80405,4.341,7.03755
0.0168986,-7.06293,6.89989,-0.0533537,-6.9887
0.987906,5.08067,1.34582,1.03917,5.17225
5.05953,3.04345,2.59075,5.08962,2.97462
0.521993,6.74039,2.47108,0.58974,6.81008
0.338225,7.65534,2.64068,0.415047,7.71013
2.29423,-1.13409,5.01694,2.28351,-1.00896
1.92132,0.361175,7.01894,1.92574,0.522986
2.7547,8.03631,4.57307,2.83543,8.10729
5.7812,1.79857,6.25343,5.79926,1.81288
3.87387,-0.447398,6.30051,3.86939,-0.449368
4.91565,-6.22622,6.79707,4.85328,-6.24865
5.64518,-8.41111,-2.75012,5.56067,-8.49184
1.79835,-7.88988,5.6,1.72025,-7.72973
5.72473,-4.36213,-1.81722,5.68077,-4.42969
4.26952,6.96706,7.73415,4.3391,6.94742
2.04703,6.56057,7.02541,2.11338,6.70982
2.00761,6.30653,6.38421,2.0714,6.4515
1.41243,3.03012,-7.80418,1.44281,3.04613
0.928988,-6.22174,3.74556,0.867376,-6.10141
1.0644,9.64587,5.51928,1.16152,9.77931
0.804501,9.15591,5.72468,0.896664,9.27764
3.14331,0.379868,-1.05988,3.14706,0.368542
1.97305,-9.4212,1.14868,1.8794,-9.30841
0.146371,9.53225,3.52691,0.241909,9.57688
3.81394,-5.69185,-9.6113,3.75627,-5.84106
2.99343,7.54829,-8.66411,3.0685,7.46496
5.07828,-5.37822,-6.59667,5.02373,-5.53125
4.2626,-5.63359,7.12235,4.20621,-5.64382
4.82731,-2.88039,-5.71456,4.79775,-3.03219
1.27098,8.38345,-2.62322,1.35512,8.44364
4.41493,2.77261,5.43773,4.44244,2.73006
5.25677,-9.0187,-7.25285,5.16584,-9.16824
3.71985,4.0358,-0.98938,3.75987,3.96666
4.40845,-5.2943,4.9257,4.35532,-5.33251
0.714272,-6.92539,-6.38854,0.645046,-6.92071
3.18571,8.61411,-4.0344,3.27157,8.55664
4.14853,1.15323,-6.48382,4.15931,1.00411
1.14964,-1.02919,9.61714,1.14028,-0.84275
4.8539,9.50651,2.3411,4.94855,9.42414
3.58191,-1.06467,-3.46925,3.57089,-1.13959
3.13521,-9.51781,-5.18569,3.03984,-9.55484
5.94901,5.75414,-3.92662,6.00617,5.67965
5.04015,-1.46871,8.08364,5.02541,-1.4795
3.68019,-3.3203,7.67532,3.64714,-3.28915
2.4954,9.66303,-8.6418,2.59183,9.62217
4.12075,-4.62059,-9.81602,4.07367,-4.79415
5.96487,0.887134,2.30272,5.9737,0.878988
4.04973,4.36856,5.01031,4.09325,4.33568
2.47792,-3.22101,-6.15844,2.44573,-3.21771
5.95301,2.66452,-5.5394,5.97921,2.57593
5.22995,1.33407,7.48427,5.24323,1.32265
0.650015,3.91763,-0.857466,0.689431,3.96601
3.68121,-4.33571,4.35159,3.63785,-4.33643
4.70173,1.20582,-0.298164,4.71328,1.10358
6.24934,0.06855,-3.52282,6.24983,0.0299799
0.419073,9.62977,-1.81846,0.515445,9.64611
0.585756,-1.06204,-9.95497,0.574913,-1.10671
3.19307,9.91516,-4.88331,3.29189,9.84656
4.43557,7.08452,0.0791723,4.50591,6.98304
1.22548,0.396284,-4.19988,1.22969,0.446242
0.184807,-2.85374,0.0728038,0.156373,-2.83351
3.79006,7.80808,-5.06558,3.86754,7.68745
5.68692,7.55051,-1.33822,5.76205,7.47763
5.76452,3.212,-6.69191,5.79605,3.09465
4.07369,-5.94736,0.290046,4.01387,-6.01545
5.0511,2.85656,-1.45203,5.07912,2.74719
3.33779,1.76885,-3.50398,3.3552,1.7121
1.64827,-7.25847,3.62566,1.57639,-7.11703
4.92864,-1.9961,0.252477,4.90822,-2.08755
4.09572,-3.31375,-6.30742,4.06189,-3.45251
5.20698,7.00399,-7.18136,5.2762,6.8406
5.40508,-8.86236,9.51248,5.31659,-8.83655
5.96484,2.85154,3.33956,5.99336,2.85271
1.14906,-4.27572,-7.06221,1.10641,-4.25346
5.7719,5.91638,-1.51239,5.83073,5.84992
2.24546,5.16761,-2.8277,2.29735,5.20913
3.76958,-7.35928,-0.685507,3.69572,-7.4134
4.08428,1.94187,4.37393,4.10351,1.90375
4.33149,9.98295,-9.11899,4.43035,9.78915
6.0117,-8.07881,-3.93921,5.93061,-8.14019
1.67148,6.22572,6.77924,1.73453,6.38443
2.41676,-9.03463,9.73762,2.32728,-8.86005
2.12642,4.71764,7.86056,2.17438,4.87353
2.46866,-2.78118,4.77908,2.44141,-2.66848
5.8929,0.741706,3.39231,5.90029,0.737902
2.87559,-7.52213,1.64016,2.80063,-7.46891
2.46218,9.32208,-2.27412,2.55554,9.348
5.90098,-2.30546,4.07231,5.87796,-2.30007
1.17497,-1.71777,-4.63271,1.15802,-1.67222
3.78848,8.86719,-9.27669,3.87634,8.70314
2.74188,0.943733,0.100546,2.75151,0.981519
0.809407,0.700605,-0.618035,0.816734,0.764948
2.38678,4.0901,6.59898,2.42832,4.21765
0.29094,4.40421,3.68304,0.335292,4.46682
4.45575,-6.39123,-4.31672,4.39118,-6.52197
1.96089,-6.39956,3.90265,1.89758,-6.26235
0.364426,7.57259,-3.38969,0.440131,7.56952
4.41395,2.83092,-7.85173,4.44138,2.65551
6.07044,2.69452,3.72148,6.09746,2.70962
0.701502,4.96551,-0.928634,0.751408,5.01638
6.1196,-5.05267,-1.36636,6.06894,-5.07968
1.59649,-8.36585,-8.03277,1.51297,-8.33976
0.012525,8.731,-2.7102,0.0996763,8.70069
4.83316,-4.74119,-2.61326,4.78515,-4.86015
2.49313,6.18655,0.662641,2.55529,6.24375
3.21074,-4.93994,8.57327,3.16177,-4.85368
3.16156,2.30045,-7.94813,3.18414,2.21564
1.3481,6.02512,6.04495,1.40911,6.17575
6.27521,-2.91164,-4.76555,6.24586,-2.95858
0.0218637,9.17473,6.3603,0.113909,9.23578
3.43447,-0.170355,-3.88783,3.43243,-0.237261
2.04564,0.422932,-0.073565,2.0503,0.508876
4.28407,-6.48672,-9.99958,4.21829,-6.66798
5.04367,4.74792,-7.05189,5.09031,4.58076
2.94922,-1.74203,3.08276,2.93206,-1.6899
1.68853,-6.46372,9.60694,1.62489,-6.26356
4.90196,8.12928,1.28254,4.9828,8.03854
1.63861,-8.21225,5.27327,1.55728,-8.05334
3.46984,-2.63947,0.0254872,3.44331,-2.66696
4.33435,8.19811,-0.218989,4.41582,8.09523
0.0474395,-6.58396,-1.91187,-0.0184502,-6.59506
2.33286,6.07688,7.52026,2.39433,6.21479
6.15152,-8.76392,6.31871,6.06416,-8.70911
2.26468,5.43514,-9.77756,2.31889,5.40562
3.7936,-8.15866,-1.21924,3.71171,-8.21893
3.10114,9.33336,-1.29204,3.19437,9.31051
2.69885,1.87149,4.91581,2.71801,1.95991
2.57909,-0.099881,2.30772,2.57847,-0.0243933
5.30234,5.71162,8.53718,5.35945,5.71137
2.57015,-8.36984,-1.20899,2.48671,-8.31715
4.80412,-6.05422,6.63742,4.74345,-6.07968
6.24803,5.89309,-5.79005,6.30664,5.82876
1.57994,-3.01943,4.95949,1.5505,-2.8688
3.21438,-1.19487,3.97019,3.2026,-1.16054
3.13973,-0.809389,-5.17695,3.13139,-0.859736
1.99738,8.8824,5.10116,2.08685,9.01185
3.96908,-7.15931,2.70722,3.89731,-7.19484
2.14371,3.5647,6.32564,2.18006,3.70578
2.77264,3.12494,-9.02624,2.8036,3.06553
6.03118,8.18287,-5.78681,6.11257,8.0963
0.642994,-7.40761,-3.72039,0.569053,-7.38155
0.247881,6.58064,5.50669,0.31406,6.65628
5.81852,5.69116,-8.69566,5.87476,5.55711
3.30199,-2.79509,7.80837,3.27437,-2.72857
5.25359,0.70769,8.98322,5.26069,0.712911
5.96098,5.35906,-1.37153,6.01433,5.31144
3.67766,1.20558,-3.14181,3.6893,1.1224
2.19423,-7.72586,0.116439,2.11742,-7.63524
2.80639,8.34393,-7.06091,2.88958,8.29338
4.23129,1.03835,5.14648,4.24149,1.0016
3.03751,-7.29958,9.99944,2.96511,-7.17862
2.76193,6.23893,8.72376,2.82489,6.35334
3.36746,2.27823,-5.08534,3.38986,2.20209
4.71419,-7.36566,5.87932,4.64037,-7.3975
2.60569,5.2006,2.38329,2.65803,5.26706
1.06818,-8.77901,9.40592,0.981326,-8.59246
5.98941,-2.92961,-6.81443,5.95964,-3.02457
4.34404,-6.10204,-1.40395,4.28253,-6.2003
4.38925,-3.67867,-3.7756,4.35183,-3.8051
0.981911,2.24454,-8.87419,1.00431,2.23573
2.43232,0.284326,0.611446,2.43551,0.353898
3.32288,-1.65076,-2.74348,3.30616,-1.6934
0.637962,2.3831,3.1954,0.662236,2.47199
1.77961,1.72363,-1.63096,1.79723,1.80134
1.73039,-5.30035,9.08901,1.67835,-5.10704
2.6659,6.83522,5.00216,2.73468,6.92026
5.98648,-4.8155,-2.02496,5.93809,-4.86185
1.609,-4.13627,2.05072,1.56825,-4.01361
1.31274,1.77256,4.33043,1.33115,1.9091
3.50343,-9.22017,-9.46492,3.41064,-9.33598
3.54858,6.87988,9.44628,3.61762,6.92554
0.939203,-4.47395,9.96744,0.895376,-4.29202
4.42195,7.77652,0.2413,4.49921,7.67623
5.44744,9.74655,-6.99523,5.54416,9.59746
4.50294,0.0359715,-8.1648,4.50242,-0.141577
2.37893,-2.89718,2.09671,2.35042,-2.80458
5.2089,-3.07142,7.11138,5.17812,-3.08419
4.63128,-8.12512,-0.115073,4.54957,-8.21545
0.434785,6.78005,-2.4411,0.502646,6.79316
4.62271,8.40874,0.451015,4.70629,8.30693
1.08978,-0.747295,-8.29397,1.08233,-0.742692
1.53662,-0.899943,-4.91885,1.52787,-0.850229
3.6501,-9.4726,3.55127,3.55538,-9.47125
0.464933,-1.17912,9.83493,0.453858,-1.03618
3.48626,-8.05066,-9.02471,3.40519,-8.16218
4.88175,4.09433,-7.2091,4.92183,3.92189
0.447432,-8.26556,-6.95836,0.36467,-8.28812
4.73251,-6.90011,-0.408911,4.66303,-6.99532
1.06738,8.52761,5.1038,1.15331,8.65791
3.43491,-8.18229,3.76835,3.35319,-8.16093
1.90558,-4.19033,-5.2553,1.8639,-4.14542
3.78131,5.93624,3.75489,3.84053,5.907
2.52599,6.6649,-3.23531,2.59272,6.67981
3.97984,5.08906,7.01976,4.03069,5.0796
1.56186,-4.44221,-9.6386,1.51747,-4.43612
4.53468,-6.04621,-5.78014,4.47348,-6.19386
3.9446,-8.48817,-6.46196,3.8591,-8.61183
5.35232,5.17489,-9.32928,5.40319,4.99935
2.26267,-2.19986,6.26689,2.24138,-2.05885
5.78203,-6.65412,5.37316,5.71554,-6.6437
5.04572,-1.13047,0.914972,5.034,-1.21304
3.68772,1.61728,-5.13805,3.70337,1.51272
4.38826,-5.28455,-1.4326,4.3349,-5.38566
6.25939,-5.97309,-7.44668,6.1993,-6.04682
0.115307,-1.77132,3.68729,0.097841,-1.72227
